"","Taxa","BLUE.N","BLUE.I","QTNs","Group","RefInf","ID","BLUP","PEV","gBreedingValue","Prediction","COI","Reliability"
"1","S_1007_S311",1.33866131834099,0.384450309675235,0,"  1","2","  1",0.804103761072359,0.378648071142311,1.18855407074759,2.52721538908859,1.8612097182042,0.366044849039516
"2","S_102_S245",1.33866131834099,-0.361142684455372,0,"  2","2","  2",0.640181235789096,0.381826727029596,0.279038551333724,1.61769986967472,1.65487545982344,0.36072295404928
"3","S_1031_S380",1.33866131834099,-0.167823120534393,0,"  3","2","  3",-0.144713253708169,0.420750244826591,-0.312536374242562,1.02612494409843,1,0.295554882477002
"4","S_1045_S231",1.33866131834099,-0.0503992834741014,0,"  4","2","  4",0.296568329670382,0.295814953864069,0.24616904619628,1.58483036453727,0,0.504728987084206
"5","S_1052_S227",1.33866131834099,-0.965838128487701,0,"  5","2","  5",0.624511513218324,0.454114393485921,-0.341326615269378,0.997334703071615,2.11474252688113,0.239694637801296
"6","S_1054_S345",1.33866131834099,-0.950311278793672,0,"  6","2","  6",0.852369924739519,0.432708341936256,-0.0979413540541527,1.24071996428684,0.840896415253715,0.275533924135692
"7","S_1057_S302",1.33866131834099,0.139776662855345,0,"  7","2","  7",0.270449007141625,0.280628083123721,0.410225669996971,1.74888698833796,0.840896415253715,0.530155750526494
"8","S_106_S223",1.33866131834099,-0.130230509618655,0,"  8","2","  8",0.0469319954540446,0.303897233148284,-0.0832985141646103,1.25536280417638,1.8612097182042,0.491197153769244
"9","S_1082_S287",1.33866131834099,0.0986600517247571,0,"  9","2","  9",-0.57909269972129,0.356598266704237,-0.480432647996533,0.858228670344459,1.56508458007329,0.402961944798166
"10","S_108_S258",1.33866131834099,0.163383765729472,0," 10","2"," 10",0.126923891433743,0.376241978264892,0.290307657163215,1.62896897550421,1.56508458007329,0.370073273028916
"11","S_109_S351",1.33866131834099,0.0541822760845863,0," 11","2"," 11",-0.740297584002235,0.363852936970829,-0.686115307917649,0.652546010423343,1.49534878122122,0.390815743788476
"12","S_1124_S271",1.33866131834099,-0.208587274911198,0," 12","2"," 12",-0.632271344853589,0.350838715209316,-0.840858619764788,0.497802698576204,1.18920711500272,0.412604928919046
"13","S_1127_S332",1.33866131834099,-0.105902615346516,0," 13","2"," 13",-0.19479997959127,0.359538208259887,-0.300702594937786,1.03795872340321,0,0.398039719558501
"14","S_1130_S319",1.33866131834099,0.0802859257829991,0," 14","2"," 14",1.04582458866958,0.332881219747654,1.12611051445258,2.46477183279357,2.65914794847249,0.44267043727335
"15","S_1132_S315",1.33866131834099,-0.792701178564008,0," 15","2"," 15",1.19762592439222,0.431827867063604,0.404924745828212,1.7435860641692,1.65487545982344,0.27700806760386
"16","S_1159_S297",1.33866131834099,0.250040423277054,0," 16","2"," 16",0.609595906567361,0.397605173982129,0.859636329844415,2.19829764818541,1.56508458007329,0.334305738481436
"17","S_1161_S254",1.33866131834099,0.0939914011148028,0," 17","2"," 17",-0.0754295537156655,0.444577016586589,0.0185618473991373,1.35722316574013,1.31607401295249,0.255662682201318
"18","S_1162_S384",1.33866131834099,0.250413804048069,0," 18","2"," 18",0.225183690030462,0.386034586551808,0.475597494078531,1.81425881241952,2.51486685936587,0.353677905039584
"19","S_1223_S229",1.33866131834099,-0.147970355545582,0," 19","1","  1",0.0870082173088088,0.353435669177508,-0.0609621382367733,1.27769918010422,1.4142135623731,0.40825695392481
"20","S_1237_S377",1.33866131834099,-1.02108712916524,0," 20","1","  2",-0.243762292578515,0.456858999917724,-1.26484942174375,0.0738118965972394,0,0.235099454259091
"21","S_129_S310",1.33866131834099,-0.134407026046343,0," 21","1","  3",-1.02189331552834,0.372212554383596,-1.15630034157468,0.182360976766309,0,0.376819574461916
"22","S_1305_S246",1.33866131834099,0.0803487545956874,0," 22","1","  4",0.378163501427042,0.361491151345878,0.458512256022729,1.79717357436372,1.77827941003892,0.394769985937089
"23","S_130_S333",1.33866131834099,-0.0513908989757211,0," 23","1","  5",-1.22576504975384,0.367669270024284,-1.27715594872956,0.0615053696114278,0,0.384426211709995
"24","S_1315_S322",1.33866131834099,0.102427079646863,0," 24","1","  6",-0.123861549367958,0.35623744526849,-0.0214344697210953,1.3172268486199,1.49534878122122,0.403566053534488
"25","S_1317_S208",1.33866131834099,0.389594637529149,0," 25","1","  7",-0.425497696568732,0.360323584622166,-0.0359030590395829,1.30275825930141,1.49534878122122,0.396724795679957
"26","S_1324_S206",1.33866131834099,0.46816649586934,0," 26","1","  8",0.373464965919075,0.387635565508291,0.841631461788416,2.18029278012941,2.11474252688113,0.350997450724895
"27","S_1328_S372",1.33866131834099,0.326409461943695,0," 27","1","  9",0.544265622204475,0.365387035888241,0.87067508414817,2.20933640248916,2.34034731932072,0.388247264018218
"28","S_1343_S366",1.33866131834099,-0.643652497639293,0," 28","1"," 10",0.547478301010057,0.390426198706264,-0.0961741966292362,1.24248712171176,1,0.346325206429662
"29","S_137_S285",1.33866131834099,0.256802659076994,0," 29","1"," 11",-0.503848047190062,0.354603375225387,-0.247045388113068,1.09161593022792,1,0.406301910917124
"30","S_1383_S323",1.33866131834099,0.193690963910078,0," 30","1"," 12",-0.285967141243834,0.773452207512368,-0.0922761773337563,1.24638514100724,1.10668191970032,-0.294959748494097
"31","S_1404_S202",1.33866131834099,-0.436710553725008,0," 31","1"," 13",-0.652709197638179,0.366049095514501,-1.08941975136319,0.249241566977805,0,0.387138804363202
"32","S_1407_S312",1.33866131834099,-0.13410235503715,0," 32","1"," 14",-0.185846146686218,0.387075466483937,-0.319948501723368,1.01871281661762,1.31607401295249,0.351935201867971
"33","S_140_S320",1.33866131834099,0.436514890071708,0," 33","1"," 15",-0.0783413327126663,0.369715019735151,0.358173557359042,1.69683487570003,2.51486685936587,0.38100109571015
"34","S_1423_S318",1.33866131834099,-0.0440574367059556,0," 34","1"," 16",0.374668669582215,0.357809187400696,0.33061123287626,1.66927255121725,2.51486685936587,0.400934549252193
"35","S_1430_S329",1.33866131834099,0.0950522514519124,0," 35","1"," 17",0.138796015973857,0.35815962759867,0.23384826742577,1.57250958576676,1.4142135623731,0.400347821402401
"36","S_1431_S278",1.33866131834099,-0.144912054486528,0," 36","1"," 18",-0.780612844169577,0.370508576466114,-0.925524898656105,0.413136419684887,0,0.379672475771177
"37","S_1437_S292",1.33866131834099,-0.944283431554883,0," 37","1"," 19",0.623424624537773,0.435093675166591,-0.32085880701711,1.01780251132388,1.18920711500272,0.271540257183774
"38","S_1441_S235",1.33866131834099,0.301703960308503,0," 38","1"," 20",0.189932338989138,0.354435341570648,0.491636299297641,1.83029761763863,1.96798967126543,0.406583242869073
"39","S_1442_S328",1.33866131834099,-0.100782380675869,0," 39","1"," 21",-0.639906899426024,0.353430710454384,-0.740689280101893,0.5979720382391,0,0.408265256114379
"40","S_1452_S275",1.33866131834099,0.433055904660878,0," 40","1"," 22",0.290538416624157,0.354239397146129,0.723594321285034,2.06225563962603,1.49534878122122,0.406911304694005
"41","S_1472_S295",1.33866131834099,-0.895263918435198,0," 41","1"," 23",0.213237236881735,0.429306291738871,-0.682026681553464,0.656634636787528,0,0.281229839184068
"42","S_1488_S316",1.33866131834099,-0.946393977041587,0," 42","1"," 24",0.876306679896501,0.444158335694768,-0.0700872971450865,1.26857402119591,1.62657656169779,0.256363662684799
"43","S_148_S249",1.33866131834099,0.212357401477872,0," 43","1"," 25",-0.317736789635414,0.373542177212269,-0.105379388157541,1.23328193018345,1,0.374593440736928
"44","S_1496_S272",1.33866131834099,0.21089704704015,0," 44","1"," 26",0.70848123228073,0.360765390479069,0.91937827932088,2.25803959766187,2.65914794847249,0.395985098002736
"45","S_150_S251",1.33866131834099,-0.0778365367619204,0," 45","1"," 27",-0.170506339172982,0.358124045476221,-0.248342875934902,1.09031844240609,1.31607401295249,0.400407395110886
"46","S_1513_S327",1.33866131834099,-0.936136249358212,0," 46","1"," 28",-0.14166599412758,0.440205965329454,-1.07780224348579,0.260859074855199,0,0.262980956532449
"47","S_1518_S240",1.33866131834099,0.238657918805216,0," 47","1"," 29",-0.358844929191818,0.362655018842215,-0.120187010386602,1.21847430795439,1,0.392821369660998
"48","S_1549_S342",1.33866131834099,-1.0732742949085,0," 48","1"," 30",0.152230686437342,0.439909905409662,-0.921043608471155,0.417617709869837,0,0.26347663768191
"49","S_1573_S236",1.33866131834099,-1.00841167396395,0," 49","1"," 31",0.435202638918713,0.464935805201304,-0.573209035045234,0.765452283295759,1,0.221576785841996
"50","S_1584_S296",1.33866131834099,-0.81709762976514,0," 50","1"," 32",1.02971358417372,0.488823635456037,0.21261595440858,1.55127727274957,2.21336383940064,0.181582357798109
"51","S_1599_S343",1.33866131834099,0.249851988490657,0," 51","1"," 33",0.57875274517203,0.357874080668504,0.828604733662688,2.16726605200368,2.65914794847249,0.400825901078533
"52","S_1619_S303",1.33866131834099,0.206861266643322,0," 52","1"," 34",0.677142805270034,0.36113935050923,0.884004071913357,2.22266539025435,1.77827941003892,0.395358991849182
"53","S_1621_S339",1.33866131834099,0.221638292756873,0," 53","1"," 35",0.353023622999639,0.356881352890976,0.574661915756512,1.9133232340975,2.54572989502183,0.402487985045229
"54","S_1623_S378",1.33866131834099,0.107936255794744,0," 54","1"," 36",0.0772046082283454,0.351820727889971,0.185140864023089,1.52380218236408,1.65487545982344,0.41096078480567
"55","S_1629_S373",1.33866131834099,0.346411459182202,0," 55","1"," 37",0.299787767150099,0.373459626563106,0.646199226332301,1.98486054467329,1.77827941003892,0.374731651950031
"56","S_1631_S361",1.33866131834099,0.109937135502217,0," 56","1"," 38",0.657201871258535,0.361362246571265,0.767139006760752,2.10580032510174,2.65914794847249,0.394985805987625
"57","S_1637_S325",1.33866131834099,0.538190805722637,0," 57","1"," 39",0.15800786144881,0.414380725276985,0.696198667171447,2.03485998551244,2.44948974278318,0.306219111441472
"58","S_1639_S204",1.33866131834099,0.268542679960183,0," 58","1"," 40",-0.24700446734781,0.341882398151191,0.0215382126123733,1.36019953095337,1.31607401295249,0.427600128328102
"59","S_1643_S375",1.33866131834099,0.241023955877789,0," 59","1"," 41",-0.264648955767203,0.347896902222757,-0.0236249998894137,1.31503631845158,1,0.417530287419791
"60","S_1649_S331",1.33866131834099,0.222935899561519,0," 60","1"," 42",0.0382988122721132,0.41366535308872,0.261234711833632,1.59989603017462,1.49534878122122,0.307416830162806
"61","S_1653_S294",1.33866131834099,0.0338172623674033,0," 61","1"," 43",-0.565313378788295,0.367842680118005,-0.531496116420891,0.807165201920101,1,0.38413587820371
"62","S_165_S284",1.33866131834099,-0.0591033360605036,0," 62","1"," 44",0.576640702890338,0.374506637065424,0.517537366829835,1.85619868517083,1.49534878122122,0.372978684612706
"63","S_1677_S221",1.33866131834099,-0.09126078951304,0," 63","1"," 45",-0.848108873899928,0.37281794816908,-0.939369663412968,0.399291654928024,0,0.375805988132244
"64","S_1683_S338",1.33866131834099,-0.218021873051123,0," 64","1"," 46",0.162865985190035,0.363890816477403,-0.0551558878610876,1.2835054304799,1.18920711500272,0.390752323662669
"65","S_1689_S192",1.33866131834099,-1.54568534101084,0," 65","1"," 47",-0.109270913407361,0.576372617091243,-1.6549562544182,0,0,0.0350026387953312
"66","S_1699_S367",1.33866131834099,0.144714626227389,0," 66","1"," 48",0.48266784853818,0.351914377569862,0.627382474765569,1.96604379310656,1.18920711500272,0.410803990934324
"67","S_171_S219",1.33866131834099,0.0110065513333308,0," 67","1"," 49",0.381129813264986,0.35821638072723,0.392136364598317,1.73079768293931,2.59002006411135,0.400252801934653
"68","S_1723_S369",1.33866131834099,-0.591691175606068,0," 68","1"," 50",0.626298346060816,0.462642698455652,0.0346071704547483,1.37326848879574,1.4142135623731,0.225416041720739
"69","S_1728_S376",1.33866131834099,0.386285586299419,0," 69","1"," 51",0.839145682355449,0.399377596965624,1.22543126865487,2.56409258699586,2.78315768371374,0.331338242366435
"70","S_1736_S359",1.33866131834099,0.218421901398436,0," 70","1"," 52",0.209026701156502,0.368417426415697,0.427448602554938,1.76610992089593,1.96798967126543,0.383173603723299
"71","S_1742_S357",1.33866131834099,0.0734177419034953,0," 71","1"," 53",0.237994682308697,0.353981246396895,0.311412424212192,1.65007374255318,1.8612097182042,0.407343516052451
"72","S_1749_S247",1.33866131834099,-0.105042739260571,0," 72","1"," 54",-0.226871542147677,0.369011328250196,-0.331914281408248,1.00674703693274,1,0.382179257902363
"73","S_1779_S226",1.33866131834099,0.253640006766293,0," 73","1"," 55",0.768089303434034,0.369701702095628,1.02172931020033,2.36039062854132,2.65914794847249,0.381023392895367
"74","S_1810_S213",1.33866131834099,0.217415586656327,0," 74","1"," 56",0.245477844141255,0.389473914227047,0.462893430797582,1.80155474913857,1.8612097182042,0.347919577817737
"75","S_1813_S253",1.33866131834099,-0.931841031377863,0," 75","1"," 57",0.623604049041875,0.441981413087851,-0.308236982335988,1.030424336005,1.56508458007329,0.260008396159168
"76","S_1817_S210",1.33866131834099,-0.98710952684709,0," 76","1"," 58",1.00543307354735,0.448862193533507,0.0183235467002609,1.35698486504125,2.34034731932072,0.248488183754567
"77","S_1818_S238",1.33866131834099,-1.53382691430967,0," 77","1"," 59",0.273636255924475,0.59434351861855,-1.2601906583852,0.0784706599557967,0,0.00491468520753169
"78","S_1825_S198",1.33866131834099,0.0990746680174259,0," 78","1"," 60",-0.250925015759029,0.367243130122617,-0.151850347741603,1.18681097059939,1.49534878122122,0.38513968051198
"79","S_1837_S256",1.33866131834099,0.410527866597444,0," 79","1"," 61",1.03055956555292,0.368422256036008,1.44108743215036,2.77974875049135,2.78315768371374,0.383165517685348
"80","S_1839_S299",1.33866131834099,0.305677349713547,0," 80","1"," 62",0.267340158482475,0.358648004053206,0.573017508196021,1.91167882653701,2.21336383940064,0.399530152457128
"81","S_183_S263",1.33866131834099,0.420974503025574,0," 81","1"," 63",0.306530250223222,0.380393851430554,0.727504753248796,2.06616607158979,2.65914794847249,0.363121959711603
"82","S_1841_S250",1.33866131834099,0.0499856073129164,0," 82","1"," 64",-0.202168618475512,0.354182805170539,-0.152183011162595,1.1864783071784,0,0.407006054349854
"83","S_1865_S374",1.33866131834099,0.0185722517114814,0," 83","1"," 65",0.563373632515946,0.366519424340881,0.581945884227427,1.92060720256842,2.21336383940064,0.386351351831808
"84","S_1874_S244",1.33866131834099,0.285458003373683,0," 84","1"," 66",0.745191898106931,0.364422117696194,1.03064990148061,2.36931121982161,2.34034731932072,0.38986278752071
"85","S_1877_S262",1.33866131834099,0.523471992110257,0," 85","1"," 67",0.218883812914545,0.374069045553024,0.742355805024802,2.08101712336579,2.78315768371374,0.373711326383375
"86","S_1899_S193",1.33866131834099,-0.0597881599134939,0," 86","1"," 68",-0.152679495216779,0.36876290782499,-0.212467655130273,1.12619366321072,1.62657656169779,0.382595178172835
"87","S_1900_S242",1.33866131834099,0.11946937926136,0," 87","1"," 69",0.278482287691829,0.366406356610471,0.397951666953189,1.73661298529418,1.56508458007329,0.386540656559769
"88","S_1936_S218",1.33866131834099,0.2196429097789,0," 88","1"," 70",-0.155357607193232,0.348281528382505,0.0642853025856674,1.40294662092666,1.18920711500272,0.416886323396865
"89","S_1952_S293",1.33866131834099,-0.188488522882847,0," 89","1"," 71",-0.437693269870178,0.348612772051962,-0.626181792753025,0.712479525587967,1.18920711500272,0.416331735518358
"90","S_1969_S291",1.33866131834099,0.389382496862172,0," 90","1"," 72",0.184772220379938,0.374176520930305,0.57415471724211,1.9128160355831,1.31607401295249,0.373531384706074
"91","S_1973_S267",1.33866131834099,0.472177487143603,0," 91","1"," 73",0.740896105964645,0.384928528009764,1.21307359310825,2.55173491144924,2.89250760851908,0.355529734121606
"92","S_197_S207",1.33866131834099,0.152246882394308,0," 92","1"," 74",-0.159595374244879,0.360920032185759,-0.00734849185057074,1.33131282649042,1.4142135623731,0.395726187647764
"93","S_198_S304",1.33866131834099,0.0248127817419131,0," 93","1"," 75",-0.995480628395252,0.352868729034221,-0.970667846653339,0.367993471687653,0,0.409206158876623
"94","S_2010_S200",1.33866131834099,0.135619985688003,0," 94","1"," 76",-1.17777479173507,0.347084272141562,-1.04215480604706,0.296506512293928,0,0.418890841097629
"95","S_2014_S264",1.33866131834099,-0.96742577779218,0," 95","1"," 77",0.553389962263725,0.436663869955744,-0.414035815528456,0.924625502812536,1.25743342968294,0.268911343555371
"96","S_2015_S266",1.33866131834099,0.110742454731539,0," 96","1"," 78",-0.651347197811711,0.350336292094601,-0.540604743080172,0.79805657526082,0,0.413446115619336
"97","S_2037_S371",1.33866131834099,-0.153068229176743,0," 97","1"," 79",-0.61470177672701,0.357541245324752,-0.767770005903753,0.570891312437239,0,0.401383153832937
"98","S_2073_S215",1.33866131834099,0.172468439349261,0," 98","1"," 80",-0.185809118844669,0.349359206310224,-0.0133406794954088,1.32532063884558,1.49534878122122,0.415082010829544
"99","S_2099_S335",1.33866131834099,0.00363621723814611,0," 99","1"," 81",-0.0959395613929842,0.352249670806122,-0.0923033441548381,1.24635797418615,0.840896415253715,0.410242623029904
"100","S_209_S379",1.33866131834099,-0.140312289238658,0,"100","1"," 82",-0.737090088389115,0.366243235066681,-0.877402377627773,0.461258940713219,0,0.386813764363029
"101","S_2103_S301",1.33866131834099,0.154596225574559,0,"101","1"," 83",-0.0246797797172794,0.37315190577047,0.12991644585728,1.46857776419827,2.34034731932072,0.375246856427268
"102","S_2104_S224",1.33866131834099,-0.869775794804931,0,"102","1"," 84",0.269123741718211,0.412935625915457,-0.60065205308672,0.738009265254272,1.31607401295249,0.308638582854931
"103","S_2105_S269",1.33866131834099,0.14559133941478,0,"103","1"," 85",-0.361679275906334,0.366555165990774,-0.216087936491555,1.12257338184944,0,0.386291511032976
"104","S_2107_S349",1.33866131834099,-0.0677762583136122,0,"104","1"," 86",-0.274336261381033,0.358908066885979,-0.342112519694645,0.996548798646347,1.18920711500272,0.399094739774548
"105","S_2115_S280",1.33866131834099,0.029463952415272,0,"105","1"," 87",0.077096204398863,0.69482918663856,0.106560156814135,1.44522147515513,2.34034731932072,-0.163324404580538
"106","S_2116_S350",1.33866131834099,0.29207460924407,0,"106","1"," 88",-0.630017439238315,0.371285064818528,-0.337942829994246,1.00071848834675,1.31607401295249,0.378372432728072
"107","S_2135_S234",1.33866131834099,-0.602496803087649,0,"107","1"," 89",0.495811049025082,0.456615534737085,-0.106685754062567,1.23197556427843,1.31607401295249,0.235507078164002
"108","S_2140_S363",1.33866131834099,-0.724880468875446,0,"108","1"," 90",-0.308165038160173,0.444697808009966,-1.03304550703562,0.305615811305373,0,0.25546044600661
"109","S_2145_S212",1.33866131834099,-0.11272665678878,0,"109","1"," 91",-0.445111720498235,0.357545730409071,-0.557838377287015,0.780822941053977,0,0.401375644637661
"110","S_2155_S383",1.33866131834099,0.270887645423267,0,"110","1"," 92",-0.371318126754218,0.384157712176423,-0.100430481330951,1.23823083701004,1.4142135623731,0.356820279895453
"111","S_2187_S360",1.33866131834099,0.512187404825037,0,"111","1"," 93",-0.115462198771972,0.419200536438234,0.396725206053065,1.73538652439406,1.96798967126543,0.298149496553133
"112","S_2192_S307",1.33866131834099,0.217484696527637,0,"112","1"," 94",-0.313194220143888,0.356284275748583,-0.0957095236162512,1.24295179472474,1.31607401295249,0.403487647155744
"113","S_2193_S216",1.33866131834099,0.357107302102582,0,"113","1"," 95",-0.095964985370868,0.376455203598803,0.261142316731714,1.59980363507271,1.65487545982344,0.369716278476321
"114","S_2201_S214",1.33866131834099,0.00792366779240963,0,"114","1"," 96",-0.739797529624466,0.365721484275863,-0.731873861832057,0.606787456508936,0,0.387687310609704
"115","S_2203_S277",1.33866131834099,-0.14844050686674,0,"115","1"," 97",-0.541255816891794,0.37038155801938,-0.689696323758535,0.648964994582458,0,0.379885137619238
"116","S_2212_S230",1.33866131834099,-0.0479169003037327,0,"116","1"," 98",-0.790053950638778,0.352652997086105,-0.83797085094251,0.500690467398482,0,0.409567350152001
"117","S_2214_S290",1.33866131834099,-0.90275016434368,0,"117","1"," 99",0.334464997546212,0.436659483281103,-0.568285166797468,0.770376151543524,1.4142135623731,0.268918687987302
"118","S_2226_S298",1.33866131834099,0.335223396402735,0,"118","1","100",0.199057734548682,0.368328016789196,0.534281130951417,1.87294244929241,2.21336383940064,0.383323298644745
"119","S_2228_S346",1.33866131834099,-0.111837232326852,0,"119","1","101",-0.606835562548732,0.369941358521136,-0.718672794875584,0.619988523465409,0,0.380622145835126
"120","S_2232_S273",1.33866131834099,0.161038635312334,0,"120","1","102",-0.183970535336902,0.369797875072804,-0.0229319000245675,1.31572941831642,1.31607401295249,0.38086237436943
"121","S_2271_S195",1.33866131834099,0.138271171066838,0,"121","1","103",0.0933341196528824,0.364611578905755,0.23160529071972,1.57026660906071,1.49534878122122,0.389545580280366
"122","S_2299_S281",1.33866131834099,0.246892135459563,0,"122","1","104",0.745228003435747,0.363045315587393,0.99212013889531,2.3307814572363,2.65914794847249,0.392167911606236
"123","S_2302_S259",1.33866131834099,0.0625541313674491,0,"123","1","105",0.0808077046163735,0.37799633598576,0.143361835983823,1.48202315432481,2.23606797749979,0.367136022852475
"124","S_2307_S288",1.33866131834099,0.176647001036915,0,"124","1","106",0.117962568959666,0.35278812781674,0.294609569996581,1.63327088833757,2.69178163547765,0.409341106235108
"125","S_2319_S337",1.33866131834099,-0.101450507541622,0,"125","1","107",-0.923428604904072,0.358428086650142,-1.02487911244569,0.313782205895298,0,0.399898351270442
"126","S_231_S260",1.33866131834099,0.312126314171087,0,"126","1","108",0.397640212784433,0.371820896136638,0.709766526955521,2.04842784529651,2.11474252688113,0.377475312024044
"127","S_2323_S355",1.33866131834099,0.0910167009630053,0,"127","1","109",-0.364470916198604,0.349424673970066,-0.273454215235599,1.06520710310539,1.25743342968294,0.414972400974532
"128","S_2351_S197",1.33866131834099,-0.094055672164396,0,"128","1","110",-0.833299834378828,0.367650641291176,-0.927355506543224,0.411305811797768,0,0.384457401044392
"129","S_2358_S289",1.33866131834099,-0.0129512418984462,0,"129","1","111",-0.233761911717268,0.356526872574024,-0.246713153615714,1.09194816472528,1.49534878122122,0.40308147710282
"130","S_2370_S336",1.33866131834099,0.0128742392317186,0,"130","1","112",-0.375486821784048,0.369756506335145,-0.362612582552329,0.976048735788663,1,0.38093163637372
"131","S_2375_S268",1.33866131834099,0.0759011348154509,0,"131","1","113",0.627277838867211,0.373177145204342,0.703178973682662,2.04184029202365,2.51486685936587,0.375204599063955
"132","S_2395_S194",1.33866131834099,0.187489125729785,0,"132","1","114",0.267548598332632,0.37313844204695,0.455037724062416,1.79369904240341,1.56508458007329,0.375269398195012
"133","S_242_S324",1.33866131834099,-0.241092338551736,0,"133","1","115",-0.47275510964519,0.372025521926315,-0.713847448196926,0.624813870144066,0,0.37713271534055
"134","S_248_S252",1.33866131834099,0.0538304735280753,0,"134","1","116",0.495864682663484,0.3715938225791,0.549695156191559,1.88835647453255,1.77827941003892,0.377855492097362
"135","S_261_S368",1.33866131834099,0.21796458014407,0,"135","1","117",0.188462353921697,0.361178002794702,0.406426934065767,1.74508825240676,1.96798967126543,0.395294277890922
"136","S_269_S228",1.33866131834099,-0.053294632325995,0,"136","1","118",-0.0531069104043504,0.342450983886672,-0.106401542730345,1.23225977561065,0.840896415253715,0.426648168227835
"137","S_272_S326",1.33866131834099,-0.402246291591031,0,"137","1","119",0.763122365982978,0.363208955890745,0.360876074391947,1.69953739273294,2.11474252688113,0.391893935264822
"138","S_285_S191",1.33866131834099,0.210478786521319,0,"138","1","120",0.346933443685981,0.341396937852142,0.5574122302073,1.89607354854829,2.05976714390712,0.428412914872189
"139","S_28_S364",1.33866131834099,-0.989293792319991,0,"139","1","121",-0.506862191453852,0.446185949024886,-1.49615598377384,0,0,0.252968911693711
"140","S_294_S317",1.33866131834099,-0.0218933475491249,0,"140","1","122",-0.734442248585506,0.362798793946423,-0.756335596134631,0.582325722206361,0,0.392580652819057
"141","S_298_S354",1.33866131834099,0.47785429101373,0,"141","1","123",0.192756808765478,0.372673744929009,0.670611099779208,2.0092724181202,2.11474252688113,0.376047421784744
"142","S_304_S341",1.33866131834099,-0.231975083170906,0,"142","1","124",-0.681827116310508,0.361249134433039,-0.913802199481414,0.424859118859578,0,0.395175185065798
"143","S_325_S347",1.33866131834099,-0.970135554374262,0,"143","1","125",-0.231220294948427,0.445592731422143,-1.20135584932269,0.137305469018302,0,0.253962111933091
"144","S_381_S205",1.33866131834099,0.0873023679984148,0,"144","1","126",0.407576909332277,0.364285833755616,0.494879277330692,1.83354059567168,2.65914794847249,0.390090962210368
"145","S_382_S276",1.33866131834099,0.244414620311111,0,"145","1","127",0.553138026884986,0.382772488872371,0.797552647196097,2.13621396553709,2.89250760851908,0.359139503247588
"146","S_389_S330",1.33866131834099,0.360791317346874,0,"146","1","128",0.249984872744907,0.387166892538419,0.610776190091781,1.94943750843277,2.23606797749979,0.351782130922711
"147","S_394_S237",1.33866131834099,-0.115013989551643,0,"147","1","129",-0.371676167721042,0.367428279494485,-0.486690157272685,0.851971161068307,0,0.384829692407091
"148","S_398_S239",1.33866131834099,-0.0617105194696859,0,"148","1","130",0.0792560567460178,0.371694572622257,0.0175455372763319,1.35620685561732,1.49534878122122,0.377686810374975
"149","S_402_S309",1.33866131834099,0.129891300985369,0,"149","1","131",0.140611004427547,0.353357791444943,0.270502305412915,1.60916362375391,1.31607401295249,0.408387341462652
"150","S_415_S222",1.33866131834099,-0.255722190186916,0,"150","1","132",-0.793935130914337,0.384621955574315,-1.04965732110125,0.289003997239739,0,0.356043015950848
"151","S_421_S358",1.33866131834099,0.149428991457837,0,"151","1","133",-0.270401871789214,0.346602363159923,-0.120972880331377,1.21768843800961,1.31607401295249,0.419697681814611
"152","S_437_S233",1.33866131834099,0.0296791052861678,0,"152","1","134",-0.157892069627898,0.355945770161248,-0.12821296434173,1.21044835399926,1.18920711500272,0.404054393369643
"153","S_449_S352",1.33866131834099,0.0335470761523459,0,"153","1","135",0.248334830861888,0.4101368352231,0.281881907014234,1.62054322535523,2.05976714390712,0.313324484913079
"154","S_451_S261",1.33866131834099,-0.367942547426654,0,"154","1","136",-0.568009091457621,0.381277248845803,-0.935951638884275,0.402709679456717,0,0.361642923148569
"155","S_471_S344",1.33866131834099,-0.128446876284629,0,"155","1","137",-0.62792071120396,0.340944034787385,-0.756367587488589,0.582293730852403,0,0.42917119215569
"156","S_473_S362",1.33866131834099,-0.0832742176323345,0,"156","1","138",0.280489027582737,0.358448299301861,0.197214809950403,1.53587612829139,1.56508458007329,0.399864510045177
"157","S_477_S225",1.33866131834099,0.264875358977678,0,"157","1","139",-0.860790419244059,0.724594452677476,-0.595915060266381,0.742746258074611,0,-0.213159185642944
"158","S_494_S382",1.33866131834099,0.335104695177895,0,"158","1","140",0.146539560144221,0.365575287830757,0.481644255322117,1.82030557366311,1.49534878122122,0.387932081404779
"159","S_496_S381",1.33866131834099,0.0926711833495615,0,"159","1","141",0.0376174182280474,0.389044856117049,0.130288601577609,1.4689499199186,2.17793858734643,0.348637932457902
"160","S_499_S265",1.33866131834099,0.39034664313202,0,"160","1","142",0.208604869093808,0.358034916472506,0.598951512225828,1.93761283056682,2.05976714390712,0.400556620196952
"161","S_4_S313",1.33866131834099,-0.33028364888973,0,"161","1","143",0.818169089567534,0.373556701377842,0.487885440677804,1.8265467590188,2.78315768371374,0.374569123513944
"162","S_525_S305",1.33866131834099,-0.850106633225403,0,"162","1","144",-0.114998732991323,0.424082224134615,-0.965105366216726,0.373555952124266,0,0.289976284284641
"163","S_529_S314",1.33866131834099,-0.199629508940923,0,"163","1","145",0.0654318268156208,0.374467366823302,-0.134197682125302,1.20446363621569,1.18920711500272,0.373044433190792
"164","S_550_S257",1.33866131834099,-0.0547218318793851,0,"164","1","146",1.10124037747945,0.346494931431873,1.04651854560007,2.38517986394106,2.94283095638271,0.419877550411772
"165","S_552_S308",1.33866131834099,-0.0346406893148488,0,"165","1","147",0.428940981449247,0.352504675450283,0.394300292134399,1.73296161047539,1.31607401295249,0.409815679067936
"166","S_564_S211",1.33866131834099,-0.070800069797141,0,"166","1","148",-0.203885716002843,0.376705898012058,-0.274685785799984,1.06397553254101,1.73205080756888,0.369296550959631
"167","S_572_S203",1.33866131834099,-0.105731811724281,0,"167","1","149",-0.894832590064771,0.364918084101992,-1.00056440178905,0.33809691655194,0,0.389032411027016
"168","S_597_S255",1.33866131834099,0.1413924044388,0,"168","1","150",-0.0688024772944852,0.339449635932282,0.0725899271443149,1.41125124548531,1.8612097182042,0.431673203717307
"169","S_652_S232",1.33866131834099,0.279271769374263,0,"169","1","151",0.616584113324583,0.347713429289455,0.895855882698846,2.23451720103984,2.51486685936587,0.417837468731393
"170","S_66_S321",1.33866131834099,0.054870920593268,0,"170","1","152",0.563977549060537,0.381300460046943,0.618848469653805,1.9575097879948,2.65914794847249,0.361604061573285
"171","S_699_S356",1.33866131834099,0.151067076131318,0,"171","1","153",-0.00780102910744623,0.361415589189477,0.143266047023872,1.48192736536486,1.49534878122122,0.394896496599413
"172","S_6_S348",1.33866131834099,0.0196894794610122,0,"172","1","154",0.402254238892203,0.354434561715549,0.421943718353215,1.76060503669421,1.49534878122122,0.406584548548924
"173","S_701_S340",1.33866131834099,0.345822114224401,0,"173","1","155",0.296587413899467,0.377281319201244,0.642409528123868,1.98107084646486,2.11474252688113,0.368333146535687
"174","S_704_S282",1.33866131834099,0.32113932968228,0,"174","1","156",0.383722602345218,0.366415402474198,0.704861932027498,2.04352325036849,2.34034731932072,0.386525511435994
"175","S_716_S283",1.33866131834099,0.224809671905813,0,"175","1","157",0.101287263084546,0.404281423852646,0.326096934990359,1.66475825333135,1.8612097182042,0.32312796334648
"176","S_732_S243",1.33866131834099,0.387001575299718,0,"176","1","158",0.910447681777325,0.36737258080493,1.29744925707704,2.63611057541803,2.54572989502183,0.384922946470262
"177","S_737_S201",1.33866131834099,0.301854251014415,0,"177","1","159",0.786076399107332,0.371316622490494,1.08793065012175,2.42659196846274,2.73861278752583,0.37831959699426
"178","S_769_S220",1.33866131834099,-0.0893297370820555,0,"178","1","160",-0.13697458461973,0.358170767379383,-0.226304321701786,1.11235699663921,1,0.400329170518106
"179","S_797_S209",1.33866131834099,0.11826057064998,0,"179","1","161",-0.754134302712401,0.360940994453909,-0.635873732062421,0.702787586278571,0,0.395691091370026
"180","S_809_S270",1.33866131834099,0.449340110768355,0,"180","1","162",0.425078564312502,0.355624515852876,0.874418675080857,2.21307999342185,2.65914794847249,0.404592256464907
"181","S_81_S279",1.33866131834099,0.100648388709669,0,"181","1","163",0.0256668959836754,0.379640355125867,0.126315284693344,1.46497660303434,1.56508458007329,0.36438350809912
"182","S_829_S286",1.33866131834099,0.20041863231427,0,"182","1","164",0.31925835686065,0.402366736915626,0.51967698917492,1.85833830751591,2.11474252688113,0.326333646244952
"183","S_831_S353",1.33866131834099,0.332045513470858,0,"183","1","165",0.914737162914458,0.358515785076377,1.24678267638532,2.58544399472631,2.65914794847249,0.39975152134239
"184","S_838_S306",1.33866131834099,0.273053108855369,0,"184","1","166",0.465060731217022,0.361597834781246,0.73811384007239,2.07677515841338,2.23606797749979,0.394591370176101
"185","S_868_S274",1.33866131834099,-0.139814311713065,0,"185","1","167",0.0111745136115444,0.376815522641443,-0.128639798101521,1.21002152023947,1.10668191970032,0.369113010876458
"186","S_869_S241",1.33866131834099,-0.163599945795002,0,"186","1","168",-0.0311230621596609,0.373022114387887,-0.194723007954663,1.14393831038633,1.56508458007329,0.37546416088967
"187","S_874_S217",1.33866131834099,-0.138377280276217,0,"187","1","169",0.407144128670237,0.378836167828899,0.26876684839402,1.60742816673501,2.34034731932072,0.365729926364799
"188","S_881_S365",1.33866131834099,0.190659258579369,0,"188","1","170",0.896783738099329,0.382922129470038,1.0874429966787,2.42610431501969,2.78315768371374,0.358888966047182
"189","S_89_S199",1.33866131834099,-0.121219195130016,0,"189","1","171",-1.1651113934765,0.344900267866971,-1.28633058860652,0.0523307297344744,0,0.422547431121763
"190","S_905_S248",1.33866131834099,0.096168329180668,0,"190","1","172",-0.467673685322338,0.361490637615013,-0.37150535614167,0.967155962199322,0.840896415253715,0.394770846055898
"191","S_927_S334",1.33866131834099,-0.110698518323835,0,"191","1","173",-0.870497788917314,0.380756327041126,-0.981196307241148,0.357465011099844,0,0.362515081457274
"192","S_984_S370",1.33866131834099,-0.0250737532850889,0,"192","1","174",-0.00561204936977877,0.352226262310435,-0.0306858026548677,1.30797551568612,1.49534878122122,0.410281814927469
"193","S_989_S196",1.33866131834099,-0.261199005303241,0,"193","1","175",0.0622733557859252,0.363279728449068,-0.198925649517315,1.13973566882368,1.25743342968294,0.391775443632842
"194","S_9_S300",1.33866131834099,0.393661438404423,0,"194","1","176",0.893751201106801,0.376119428297303,1.28741263951122,2.62607395785222,2.78315768371374,0.370278453483073
"195","S_1001_S52_L003",1.33866131834099,0.38840642080012,0,"195","2"," 19",0.702770687931565,0.364440783983989,1.09117710873168,2.42983842707268,2.65914794847249,0.38983153531002
"196","S_1004_S75_L003",1.33866131834099,0.48499307646255,0,"196","2"," 20",0.940512978049309,0.42303931999968,1.42550605451186,2.76416737285285,2.89250760851908,0.291722376497142
"197","S_1010_S144",1.33866131834099,0.115799240707869,0,"197","2"," 21",0.342112336451694,0.36600954747287,0.457911577159562,1.79657289550055,1.49534878122122,0.387205018049771
"198","S_1012_S150",1.33866131834099,0.186075099550404,0,"198","2"," 22",0.0335101436549611,0.443728415181765,0.219585243205365,1.55824656154636,2.11474252688113,0.257083461211436
"199","S_1013_S145",1.33866131834099,-0.056251097671259,0,"199","2"," 23",0.12513231550174,0.320413855493681,0.0688812178304806,1.40754253617147,1.49534878122122,0.463544040996888
"200","S_101_S15_L003",1.33866131834099,-0.952559930213744,0,"200","2"," 24",0.706396147262993,0.400457606909149,-0.246163782950752,1.09249753539024,1,0.329530025399368
"201","S_1020_S139",1.33866131834099,0.105844384204218,0,"201","2"," 25",0.368261423475483,0.323376830295124,0.474105807679701,1.81276712602069,1.22474487139159,0.45858325212538
"202","S_1022_S29",1.33866131834099,0.246319305005567,0,"202","2"," 26",0.564358785364333,0.270058046704839,0.810678090369901,2.14933940871089,2.23606797749979,0.547852734993826
"203","S_1029_S66_L003",1.33866131834099,-0.00742565936923847,0,"203","2"," 27",0.396728622061106,0.323883226606638,0.389302962691868,1.72796428103286,0,0.457735413262387
"204","S_1030_S13",1.33866131834099,0.0543855915184673,0,"204","2"," 28",0.849624951992536,0.368075606704387,0.904010543511004,2.242671861852,2.34034731932072,0.383745898640928
"205","S_1036_S32",1.33866131834099,0.10650716069728,0,"205","2"," 29",0.693184143639506,0.385079688916276,0.799691304336786,2.13835262267778,1.77827941003892,0.355276651529588
"206","S_1041_S151",1.33866131834099,0.399862761490925,0,"206","2"," 30",0.00132759321490072,0.445778877649405,0.401190354705826,1.73985167304682,2.89250760851908,0.253650454833535
"207","S_1053_S23",1.33866131834099,0.103660061997883,0,"207","2"," 31",0.989210988275976,0.253343441651856,1.09287105027386,2.43153236861485,2.21336383940064,0.575837322206012
"208","S_1075_S38",1.33866131834099,0.444104633992167,0,"208","2"," 32",-0.0657698393440419,0.435967139382884,0.378334794648125,1.71699611298912,2.11474252688113,0.270077851374
"209","S_1076_S167",1.33866131834099,0.550243460432835,0,"209","2"," 33",0.191462946333756,0.583704487584668,0.741706406766591,2.08036772510758,2.34034731932072,0.022727184568246
"210","S_107_S16",1.33866131834099,-0.0866006285992235,0,"210","2"," 34",0.36527883590472,0.282317182347181,0.278678207305496,1.61733952564649,2.34034731932072,0.527327760012862
"211","S_1093_S116",1.33866131834099,-0.737005043123483,0,"211","2"," 35",0.454762531456277,0.478211141361613,-0.282242511667206,1.05641880667379,2.34034731932072,0.199350427434384
"212","S_10_S169",1.33866131834099,0.0678958756873188,0,"212","2"," 36",0.3622061416308,0.34661230211822,0.430102017318119,1.76876333565911,1.8612097182042,0.419681041418719
"213","S_1118_S92",1.33866131834099,0.0218123312684332,0,"213","2"," 37",-0.43675741045298,0.506425390096109,-0.414945079184547,0.923716239156445,1.49534878122122,0.152112451913332
"214","S_1125_S30_L003",1.33866131834099,-0.178311882175832,0,"214","2"," 38",-0.383674832979274,0.396000918910123,-0.561986715155106,0.776674603185887,0,0.33699167786384
"215","S_1134_S91",1.33866131834099,-0.660224780671932,0,"215","2"," 39",0.260162223868999,0.51280822578647,-0.400062556802933,0.93859876153806,1.31607401295249,0.141425928272972
"216","S_1138_S159",1.33866131834099,0.342865656287093,0,"216","2"," 40",0.400380017722806,0.667446182280492,0.743245674009899,2.08190699235089,2.34034731932072,-0.117478147898971
"217","S_113_S7_L003",1.33866131834099,-0.0602011401418986,0,"217","2"," 41",-0.392165437259176,0.364930028623008,-0.452366577401075,0.886294740939917,1.18920711500272,0.389012412798579
"218","S_1140_S60_L003",1.33866131834099,-0.729351887256763,0,"218","2"," 42",1.30998821820129,0.449252884887667,0.580636330944527,1.91929764928552,2.05976714390712,0.247834065021944
"219","S_1154_S161",1.33866131834099,0.195794797889827,0,"219","2"," 43",-0.124041143553764,0.435975587146811,0.0717536543360625,1.41041497267705,1.96798967126543,0.27006370762453
"220","S_1160_S11",1.33866131834099,0.629719379540784,0,"220","2"," 44",0.289834837194699,0.400274749879455,0.919554216735483,2.25821553507648,2.89250760851908,0.32983617552847
"221","S_1177_S24",1.33866131834099,0.20777970416549,0,"221","2"," 45",0.410392111309952,0.363317385079274,0.618171815475442,1.95683313381643,1.77827941003892,0.391712396659923
"222","S_1179_S105",1.33866131834099,0.333264576917303,0,"222","2"," 46",0.860804799969039,0.328431199334282,1.19406937688634,2.53273069522733,2.51486685936587,0.450120926468834
"223","S_1200_S164",1.33866131834099,0.29139128097164,0,"223","2"," 47",-0.250347970180515,0.557688562853967,0.0410433107911249,1.37970462913212,2.34034731932072,0.066284595121724
"224","S_1202_S72_L003",1.33866131834099,0.0504926007623513,0,"224","2"," 48",0.281763473621826,0.35404606736016,0.332256074384177,1.67091739272517,2.51486685936587,0.407234988935363
"225","S_1203_S53",1.33866131834099,-0.562451606961445,0,"225","1","177",-0.62756238549287,0.377397653897636,-1.19001399245431,0.148647325886677,0,0.368138372058716
"226","S_1210_S120",1.33866131834099,-0.0280500576299558,0,"226","1","178",0.199384993465098,0.356420599833915,0.171334935835142,1.50999625417613,1.25743342968294,0.403259405253348
"227","S_1213_S95_L003",1.33866131834099,0.113263938482562,0,"227","1","179",0.629399794819301,0.347457087536564,0.742663733301863,2.08132505164285,2.11474252688113,0.418266651360426
"228","S_122_S43_L003",1.33866131834099,0.287197203151975,0,"228","1","180",0.0403370618199675,0.623809723638824,0.327534264971943,1.66619558331293,1.56508458007329,-0.0444193900869911
"229","S_1247_S133",1.33866131834099,-0.91550519643818,0,"229","1","181",-0.0919891483295857,0.438803099922493,-1.00749434476777,0.331166973573227,0,0.265329717343944
"230","S_1257_S89",1.33866131834099,0.290583070595499,0,"230","1","182",-0.478854050035675,0.372609934350639,-0.188270979440176,1.15039033890082,1.49534878122122,0.376154257255268
"231","S_125_S163",1.33866131834099,0.0531006692257202,0,"231","1","183",-0.596874967142277,0.371577665073383,-0.543774297916556,0.794887020424436,0,0.377882543955688
"232","S_1278_S20",1.33866131834099,-0.0167077345222948,0,"232","1","184",-0.635228344262394,0.363594002783841,-0.651936078784688,0.686725239556304,0,0.391249266825067
"233","S_1287_S146",1.33866131834099,0.267231008506821,0,"233","1","185",0.557025630555454,0.356294197638244,0.824256639062275,2.16291795740327,2.34034731932072,0.403471035337179
"234","S_1289_S164",1.33866131834099,0.234161552745901,0,"234","1","186",0.590593328022671,0.368967510604895,0.824754880768571,2.16341619910956,2.21336383940064,0.382252620013672
"235","S_1308_S183",1.33866131834099,0.295867604456086,0,"235","1","187",-0.285589399351041,0.592208218546044,0.0102782051050449,1.34893952344604,1.49534878122122,0.00848973175597267
"236","S_1323_S36",1.33866131834099,0.455583172471158,0,"236","1","188",0.725067480160802,0.367428958895604,1.18065065263196,2.51931197097295,1.96798967126543,0.384828554913277
"237","S_1326_S53_L003",1.33866131834099,0.0591400703902875,0,"237","1","189",0.492037174621035,0.349744940651312,0.551177245011323,1.88983856335232,2.78315768371374,0.414436191423419
"238","S_132_S41",1.33866131834099,0.077709071450188,0,"238","1","190",-0.58567380318174,0.352404471971207,-0.507964731731552,0.830696586609441,0,0.409983445700189
"239","S_1370_S76",1.33866131834099,-0.0987783859530285,0,"239","1","191",-0.626106349794352,0.37300055453695,-0.72488473574738,0.613776582593612,0,0.375500257676098
"240","S_1374_S132",1.33866131834099,-0.175168404919668,0,"240","1","192",-0.69950013006712,0.380972280862745,-0.874668534986789,0.463992783354203,0,0.362153518708066
"241","S_1384_S78",1.33866131834099,0.0518956285122797,0,"241","1","193",-0.860394787873311,0.368108565189927,-0.808499159361032,0.530162158979961,0,0.383690717581605
"242","S_1390_S94",1.33866131834099,0.0938758210491837,0,"242","1","194",0.764214021688657,0.363643245589424,0.858089842737841,2.19675116107883,2.65914794847249,0.391166821587321
"243","S_1393_S83_L003",1.33866131834099,-0.907636590565079,0,"243","1","195",-0.375236089029592,0.441225681783922,-1.28287267959467,0.0557886387463219,0,0.26127368651552
"244","S_1395_S102",1.33866131834099,-0.365590526798627,0,"244","1","196",-0.0287623772991371,0.360424653157077,-0.394352904097764,0.944308414243228,1.49534878122122,0.396555580719709
"245","S_1403_S130",1.33866131834099,0.019691292922599,0,"245","1","197",-0.238886339502749,0.397459206162307,-0.21919504658015,1.11946627176084,1.31607401295249,0.334550126498443
"246","S_1405_S126",1.33866131834099,-0.46428299777221,0,"246","1","198",0.0001259723877855,0.369684845581519,-0.464157025384425,0.874504292956567,0,0.381051615075171
"247","S_1408_S17_L003",1.33866131834099,0.302614067241303,0,"247","1","199",0.962240518763254,0.36304752496765,1.26485458600456,2.60351590434555,2.89250760851908,0.392164212530229
"248","S_1412_S125",1.33866131834099,-0.17964944357283,0,"248","1","200",-0.712212957985109,0.355309562016075,-0.891862401557939,0.446798916783053,0,0.405119570935445
"249","S_1413_S10_L003",1.33866131834099,-0.143723149225959,0,"249","1","201",0.00303807668344178,0.404940012830574,-0.140685072542517,1.19797624579847,1.56508458007329,0.322025314457596
"250","S_141_S188",1.33866131834099,0.104219980290153,0,"250","1","202",-0.16153980523491,0.347435562406448,-0.0573198249447575,1.28134149339623,1,0.418302690015188
"251","S_1434_S73_L003",1.33866131834099,-0.236555555815663,0,"251","1","203",-0.669847292811909,0.389944388201301,-0.906402848627572,0.43225846971342,0,0.347131882271127
"252","S_1443_S64_L003",1.33866131834099,0.473581264328549,0,"252","1","204",-0.272649663333315,0.379488953029565,0.200931600995234,1.53959291933623,1.56508458007329,0.364636994505448
"253","S_1462_S171",1.33866131834099,0.225021672942954,0,"253","1","205",0.0364849020013603,0.409873614424147,0.261506574944314,1.60016789328531,2.05976714390712,0.31376518485071
"254","S_1464_S64",1.33866131834099,0.281841983870429,0,"254","1","206",-0.0753639689560887,0.363305399741675,0.20647801491434,1.54513933325533,1.25743342968294,0.391732463225914
"255","S_1467_S106",1.33866131834099,-0.700842917055121,0,"255","1","207",0.804979591946137,0.384184767403854,0.104136674891016,1.44279799323201,1.56508458007329,0.356774982422425
"256","S_1468_S139",1.33866131834099,-0.280621743130666,0,"256","1","208",0.191556171142453,0.487125871311552,-0.0890655719882129,1.24959574635278,1.56508458007329,0.184424855638558
"257","S_1479_S2_L003",1.33866131834099,-0.799749391533846,0,"257","1","209",0.118018268559843,0.425316960047551,-0.681731122974004,0.656930195366989,1.31607401295249,0.287909015884937
"258","S_147_S19",1.33866131834099,0.0891954319295173,0,"258","1","210",0.353611410764021,0.365218497567559,0.442806842693538,1.78146816103453,1.49534878122122,0.388529440911944
"259","S_14_S3",1.33866131834099,-0.413034088110298,0,"259","1","211",-0.446981070748456,0.369088613273766,-0.860015158858754,0.478646159482238,0,0.38204986271322
"260","S_1506_S61",1.33866131834099,-0.950585845048353,0,"260","1","212",-0.166480712056066,0.428812368231213,-1.11706655710442,0.221594761236573,0,0.282056795336032
"261","S_1516_S148",1.33866131834099,0.310836495810573,0,"261","1","213",-0.0757123883652128,0.72321771507448,0.235124107445361,1.57378542578635,1.73205080756888,-0.21085416955688
"262","S_151_S93",1.33866131834099,-0.0786916235045516,0,"262","1","214",-0.541625151759156,0.356966532149864,-0.620316775263708,0.718344543077284,0,0.402345372857176
"263","S_1521_S18",1.33866131834099,0.284793488036752,0,"263","1","215",0.181787077017262,0.353118819048888,0.466580565054014,1.80524188339501,2.11474252688113,0.408787443280045
"264","S_1528_S47",1.33866131834099,0.0997459653887645,0,"264","1","216",0.537970507999158,0.347717898769123,0.637716473387923,1.97637779172891,2.11474252688113,0.417829985662354
"265","S_1531_S31_L003",1.33866131834099,-0.0376059282150311,0,"265","1","217",-0.315518722861725,0.345201854585237,-0.353124651076756,0.985536667264236,0,0.422042496677151
"266","S_1532_S117",1.33866131834099,0.229247118449317,0,"266","1","218",0.722615005746168,0.355078969230216,0.951862124195484,2.29052344253648,2.65914794847249,0.405505643110403
"267","S_1542_S44",1.33866131834099,-0.490829215587494,0,"267","1","219",-0.702362559946698,0.379165343946058,-1.19319177553419,0.1454695428068,0,0.365178800105482
"268","S_154_S162",1.33866131834099,0.14866366464334,0,"268","1","220",0.185483387220785,0.359277809484128,0.334147051864124,1.67280837020512,1.65487545982344,0.398475694696834
"269","S_1552_S185",1.33866131834099,-0.0957180047143068,0,"269","1","221",0.0960936664664485,0.361510643955418,0.000375661752141696,1.33903698009313,1.31607401295249,0.394737350249321
"270","S_1561_S52",1.33866131834099,-0.741465200465062,0,"270","1","222",0.375233812458498,0.42816387129442,-0.366231388006564,0.972429930334428,1.25743342968294,0.283142547528619
"271","S_1565_S74_L003",1.33866131834099,-0.955457229638232,0,"271","1","223",0.80311625942412,0.428716216403132,-0.152340970214112,1.18632034812688,1.4142135623731,0.282217778452894
"272","S_1567_S13_L003",1.33866131834099,-0.0242239127011894,0,"272","1","224",0.235829179842801,0.361535869186685,0.211605267141611,1.5502665854826,1.49534878122122,0.394695116664854
"273","S_159_S190",1.33866131834099,0.327174924860862,0,"273","1","225",0.437484229070596,0.44860434458396,0.764659153931458,2.10332047227245,2.34034731932072,0.248919889822003
"274","S_1604_S168",1.33866131834099,0.217522036987593,0,"274","1","226",0.313091916427767,0.383088137271447,0.530613953415361,1.86927527175635,2.44948974278318,0.358611025899526
"275","S_1620_S26",1.33866131834099,-1.04136164428943,0,"275","1","227",0.0144118629628783,0.440903255566042,-1.02694978132655,0.31171153701444,0,0.261813511691476
"276","S_1651_S111",1.33866131834099,0.277785586424449,0,"276","1","228",-0.393011991751174,0.352176367360521,-0.115226405326725,1.22343491301427,1.49534878122122,0.41036535202409
"277","S_1660_S143",1.33866131834099,-0.0161418957095967,0,"277","1","229",0.411377074960937,0.387191899179032,0.39523517925134,1.73389649759233,2.51486685936587,0.351740263315735
"278","S_1674_S49_L003",1.33866131834099,0.0823895470554013,0,"278","1","230",-0.381043061872287,0.349803928051436,-0.298653514816885,1.04000780352411,1.25743342968294,0.414337431205158
"279","S_1675_S175",1.33866131834099,-0.0807641294504414,0,"279","1","231",-0.355596941970209,0.35380849710074,-0.436361071420651,0.902300246920341,1.4142135623731,0.407632743212097
"280","S_1678_S107",1.33866131834099,-0.026100422120454,0,"280","1","232",0.0670373939104923,0.375517409134822,0.0409369717900383,1.37959829013103,1.31607401295249,0.371286389817941
"281","S_1687_S90_L003",1.33866131834099,-1.33277043065344,0,"281","1","233",-0.0670530337729113,0.539914795229223,-1.39982346442636,0,0,0.096042495389612
"282","S_1691_S141",1.33866131834099,-0.932699381923237,0,"282","1","234",0.274674587453595,0.457684986089528,-0.658024794469642,0.68063652387135,1.39157884185687,0.233716539018938
"283","S_1697_S147",1.33866131834099,0.227094016168699,0,"283","1","235",-0.256097081073566,0.765462410128607,-0.0290030649048672,1.30965825343612,1.49534878122122,-0.281582753884604
"284","S_169_S27",1.33866131834099,0.115558020590463,0,"284","1","236",-0.184970991554032,0.381206447731412,-0.0694129709635695,1.26924834737742,1.31607401295249,0.361761462590817
"285","S_16_S56_L003",1.33866131834099,0.288419865356293,0,"285","1","237",0.325933993711197,0.389328000181371,0.61435385906749,1.95301517740848,2.23606797749979,0.348163875802867
"286","S_1725_S144",1.33866131834099,0.23914201568325,0,"286","1","238",-0.339692314175376,0.746190832451531,-0.100550298492126,1.23811101984887,0.840896415253715,-0.249317130825545
"287","S_1727_S30",1.33866131834099,0.0114266359634127,0,"287","1","239",0.0266367391167381,0.350745316322027,0.0380633750801508,1.37672469342114,1.25743342968294,0.412761302898483
"288","S_1735_S172",1.33866131834099,0.19888071548828,0,"288","1","240",0.595387963187363,0.373660067393496,0.794268678675643,2.13292999701663,1.56508458007329,0.37439606197461
"289","S_1740_S146",1.33866131834099,0.320204911340375,0,"289","1","241",0.107859053810191,0.521936174174934,0.428063965150566,1.76672528349156,1.91682931273882,0.126143373469219
"290","S_1747_S48_L003",1.33866131834099,-1.41890473848619,0,"290","1","242",1.02703087106633,0.649137885443616,-0.391873867419858,0.946787450921134,1.49534878122122,-0.0868253069904301
"291","S_1753_S75",1.33866131834099,-0.869021114546391,0,"291","1","243",0.576348595272285,0.427863723146393,-0.292672519274106,1.04598879906689,1.49534878122122,0.283645073433265
"292","S_1755_S134",1.33866131834099,-0.251677445666152,0,"292","1","244",-0.0194475781905053,0.497650161950529,-0.271125023856657,1.06753629448434,1,0.166804461480319
"293","S_1757_S61_L003",1.33866131834099,-0.83057737689847,0,"293","1","245",0.58310416116513,0.419850579484757,-0.24747321573334,1.09118810260765,1.96798967126543,0.297061155771556
"294","S_177_S62",1.33866131834099,0.0552155845259119,0,"294","1","246",-0.11793555393924,0.359451190219112,-0.0627199694133284,1.27594134892766,1.49534878122122,0.398185410344696
"295","S_1780_S45_L003",1.33866131834099,-0.153284433446644,0,"295","1","247",0.455955781899327,0.355965580229363,0.302671348452683,1.64133266679368,1.8612097182042,0.404021226173823
"296","S_1781_S84",1.33866131834099,0.132490296936664,0,"296","1","248",0.226574799151074,0.683557819131833,0.359065096087738,1.69772641442873,1.96798967126543,-0.144453209838408
"297","S_1783_S150",1.33866131834099,-0.0562993126240159,0,"297","1","249",0.153214836803904,0.607635539536057,0.0969155241798883,1.43557684252088,0.840896415253715,-0.0173396078142354
"298","S_1799_S86",1.33866131834099,-0.597652922651574,0,"298","1","250",0.411844138385235,0.435888303366708,-0.185808784266339,1.15285253407465,1.31607401295249,0.270209843327333
"299","S_1800_S14_L003",1.33866131834099,0.0197486949044179,0,"299","1","251",-0.807685561243128,0.3761163708816,-0.78793686633871,0.550724452002282,0,0.370283572390527
"300","S_1811_S148",1.33866131834099,0.445958875659951,0,"300","1","252",-0.0953704544950788,0.354118022685272,0.350588421164872,1.68924973950586,2.11474252688113,0.407114517044786
"301","S_181_S65",1.33866131834099,0.242287817967315,0,"301","1","253",-0.226531301611922,0.398784308539423,0.015756516355393,1.35441783469639,1.62657656169779,0.332331561182666
"302","S_1822_S37",1.33866131834099,0.163614809113753,0,"302","1","254",0.915910822387291,0.346299589359174,1.07952563150104,2.41818694984204,1.77827941003892,0.420204603743413
"303","S_1823_S3_L003",1.33866131834099,-0.212698357964107,0,"303","1","255",-0.202534723781635,0.379324477006137,-0.415233081745743,0.92342823659525,1,0.364912370059184
"304","S_1824_S180",1.33866131834099,-0.695271083985919,0,"304","2"," 49",-0.117365926252518,0.502079968389956,-0.812637010238436,0.526024308102556,NA,0.159387815723849
"305","S_1828_S156",1.33866131834099,-0.0862541077095367,0,"305","1","256",-0.193065468571607,0.358428209857415,-0.279319576281144,1.05934174205985,1.18920711500272,0.399898144989489
"306","S_1834_S114",1.33866131834099,0.0464641817668253,0,"306","1","257",0.162306095213863,0.357968890637197,0.208770276980689,1.54743159532168,1.77827941003892,0.400667164582572
"307","S_1835_S57",1.33866131834099,-0.368780291181451,0,"307","1","258",-0.949396672806729,0.371615075120793,-1.31817696398818,0.0204843543528129,0,0.377819909826372
"308","S_1845_S34",1.33866131834099,0.494160739422439,0,"308","1","259",0.494835220749022,0.368903742404433,0.988995960171461,2.32765727851245,2.51486685936587,0.382359384532578
"309","S_1855_S49",1.33866131834099,-1.11890118215734,0,"309","1","260",0.326851851620586,0.466216193013898,-0.792049330536757,0.546611987804235,1,0.2194330843131
"310","S_1856_S51",1.33866131834099,-1.15533693606179,0,"310","1","261",0.237205776315497,0.477546701664483,-0.918131159746293,0.420530158594699,0.840896415253715,0.200462871945794
"311","S_185_S72",1.33866131834099,0.435909076905535,0,"311","1","262",-0.9094281050957,0.450319352329152,-0.473519028190165,0.865142290150828,0,0.246048521718314
"312","S_1861_S1_L003",1.33866131834099,0.234339350761966,0,"312","1","263",0.896903325747394,0.357707713059763,1.13124267650936,2.46990399485035,2.51486685936587,0.401104443637053
"313","S_1871_S186",1.33866131834099,0.185725417290453,0,"313","1","264",0.401794385944943,0.364184533026989,0.587519803235396,1.92618112157639,1.73205080756888,0.390260565923164
"314","S_188_S79",1.33866131834099,0.369562651517704,0,"314","1","265",-0.140261549042568,0.374136804462878,0.229301102475136,1.56796242081613,1.18920711500272,0.373597880381139
"315","S_1909_S132",1.33866131834099,0.262538710169116,0,"315","1","266",0.0156509230396575,0.383902165609187,0.278189633208773,1.61685095154977,2.05976714390712,0.357248131177307
"316","S_190_S2",1.33866131834099,0.300023112439702,0,"316","1","267",0.332165251102308,0.36395585252219,0.63218836354201,1.970849681883,2.23606797749979,0.390643436443287
"317","S_1910_S23_L003",1.33866131834099,0.447759688323325,0,"317","1","268",-0.115723002014331,0.369506870022071,0.332036686308994,1.67069800464999,1.49534878122122,0.381349592356073
"318","S_1921_S54",1.33866131834099,0.120160219244567,0,"318","1","269",-0.958202684672949,0.360020308325261,-0.838042465428381,0.500618852912611,0,0.397232558917751
"319","S_1934_S21_L003",1.33866131834099,0.0931078004804834,0,"319","1","270",0.740533660469978,0.347451384330479,0.833641460950461,2.17230277929145,2.89250760851908,0.418276200007707
"320","S_1935_S15",1.33866131834099,-0.204046357504372,0,"320","1","271",0.318561540159362,0.354945193550738,0.11451518265499,1.45317650099598,1.49534878122122,0.40572961831995
"321","S_1939_S59",1.33866131834099,0.165369449933682,0,"321","1","272",0.267855185209893,0.361931255664624,0.433224635143575,1.77188595348457,2.11474252688113,0.394033137076386
"322","S_1945_S21",1.33866131834099,-0.141025756084563,0,"322","1","273",0.117589786324675,0.340470884881845,-0.0234359697598883,1.3152253485811,2.21336383940064,0.429963367905824
"323","S_1946_S184",1.33866131834099,0.414014634191133,0,"323","1","274",-0.284078450876981,0.446975781813959,0.129936183314152,1.46859750165514,1.31607401295249,0.251646526600028
"324","S_1950_S66",1.33866131834099,-0.219235029922205,0,"324","1","275",-0.760766276654056,0.353997989523348,-0.98000130657626,0.358660011764732,0,0.407315483713012
"325","S_1955_S145",1.33866131834099,0.447627330787336,0,"325","1","276",0.0154486058722652,0.772133500363973,0.463075936659602,1.80173725500059,1.45647531512197,-0.29275189045111
"326","S_1956_S127",1.33866131834099,0.0743439352896693,0,"326","1","277",-0.961986319561958,0.368765949660791,-0.887642384272289,0.451018934068703,0,0.382590085350181
"327","S_1971_S104",1.33866131834099,0.449530828563014,0,"327","1","278",0.523205854201793,0.371128652229951,0.972736682764807,2.3113980011058,2.11474252688113,0.378634307998965
"328","S_1998_S79_L003",1.33866131834099,-0.0722780510208216,0,"328","1","279",-0.986675346167364,0.355213316276775,-1.05895339718819,0.279707921152806,0,0.405280711284062
"329","S_199_S59_L003",1.33866131834099,0.186077758626086,0,"329","1","280",-0.396359117077976,0.381575595706691,-0.21028135845189,1.1283799598891,1,0.361143413066127
"330","S_1_S123",1.33866131834099,0.00576160012023912,0,"330","2"," 50",-0.444359866646055,0.553275451832018,-0.438598266525816,0.900063051815176,0,0.0736732884159609
"331","S_2005_S22",1.33866131834099,0.480502669255503,0,"331","1","281",-0.166850531865726,0.359487203720903,0.313652137389777,1.65231345573077,2.23606797749979,0.398125114395225
"332","S_2008_S85_L003",1.33866131834099,0.0277119955092264,0,"332","1","282",-0.289203812809132,0.374441140549454,-0.261491817299905,1.07716950104109,1.31607401295249,0.373088342780365
"333","S_2025_S28",1.33866131834099,0.182208418350375,0,"333","1","283",0.198810499384328,0.343273012224464,0.381018917734703,1.71968023607569,1.25743342968294,0.425271879429092
"334","S_2029_S18_L003",1.33866131834099,0.669464766404962,0,"334","1","284",0.115702192393024,0.421940182846614,0.785166958797985,2.12382827713898,2.51486685936587,0.293562617377536
"335","S_2031_S70",1.33866131834099,-0.551494326560991,0,"335","1","285",-0.374658345321504,0.37102855299187,-0.926152671882495,0.412508646458497,0,0.378801900104736
"336","S_2038_S118",1.33866131834099,0.511814499768348,0,"336","1","286",0.412427827990899,0.400491592919214,0.924242327759247,2.26290364610024,2.44948974278318,0.329473123997293
"337","S_2075_S187",1.33866131834099,-0.0704778265353744,0,"337","1","287",-0.468965454217581,0.644612399251853,-0.539443280752956,0.799218037588036,0,-0.0792484684944266
"338","S_2076_S5_L003",1.33866131834099,-0.625424040186909,0,"338","1","288",0.723487105940703,0.452315252391679,0.0980630657537935,1.43672438409479,1.77827941003892,0.242706866968498
"339","S_2077_S82_L003",1.33866131834099,0.0749770134545859,0,"339","1","289",-0.29714034722308,0.349140955682758,-0.222163333768494,1.1164979845725,0.840896415253715,0.415447419027886
"340","S_2080_S6_L003",1.33866131834099,0.503188842699215,0,"340","1","290",0.341514583120012,0.391948383908278,0.844703425819227,2.18336474416022,2.51486685936587,0.343776673311239
"341","S_2083_S65_L003",1.33866131834099,0.148554753142403,0,"341","1","291",0.350003705869907,0.345205073118715,0.49855845901231,1.8372197773533,1.31607401295249,0.422037108016723
"342","S_2089_S17",1.33866131834099,-0.0716202561486735,0,"342","1","292",-0.591200109097096,0.371143346148522,-0.662820365245769,0.675840953095223,0,0.378609706565402
"343","S_2096_S54_L003",1.33866131834099,0.366644726791142,0,"343","1","293",0.186294297343345,0.415965989581646,0.552939024134488,1.89160034247548,2.51486685936587,0.303564967532744
"344","S_2098_S191",1.33866131834099,0.0223947670837668,0,"344","1","294",0.140943879138481,0.349911896877069,0.163338646222247,1.50199996456324,1.31607401295249,0.414156663367237
"345","S_2108_S154",1.33866131834099,0.382206212152275,0,"345","1","295",-0.0677255886666545,0.494365518160185,0.314480623485621,1.65314194182661,1.77827941003892,0.17230380772993
"346","S_210_S177",1.33866131834099,-0.17238904522961,0,"346","1","296",-0.775052964780509,0.371119916072785,-0.947442010010119,0.391219308330873,0,0.37864893459357
"347","S_2120_S134",1.33866131834099,0.101825364112232,0,"347","1","297",-0.610919933014316,0.506480247774797,-0.509094568902084,0.829566749438909,0,0.152020605920643
"348","S_2124_S101",1.33866131834099,-0.539860845949844,0,"348","1","298",-0.33541564622059,0.379220842728903,-0.875276492170434,0.463384826170558,0,0.365085880738032
"349","S_2125_S140",1.33866131834099,0.301600892267162,0,"349","1","299",-1.05155580660386,0.388935553022247,-0.749954914336701,0.588706404004291,0,0.348820934208728
"350","S_2126_S35",1.33866131834099,0.215910359507537,0,"350","1","300",-0.0502473507732532,0.35659599629748,0.165663008734284,1.50432432707528,1.31607401295249,0.402965746048372
"351","S_212_S12",1.33866131834099,-0.181244262636344,0,"351","1","301",-0.810387180818491,0.39048341295072,-0.991631443454835,0.347029874886157,0,0.346229414934218
"352","S_2130_S16_L003",1.33866131834099,0.26225349576905,0,"352","1","302",0.068072805753221,0.352630902018879,0.330326301522271,1.66898761986326,1.96798967126543,0.409604343029414
"353","S_2138_S112",1.33866131834099,0.307680800584071,0,"353","1","303",0.238365495232511,0.366846706387199,0.546046295816582,1.88470761415757,2.23606797749979,0.385803396738695
"354","S_2139_S60",1.33866131834099,0.182391997689215,0,"354","1","304",-0.296320436349964,0.408795795769811,-0.113928438660749,1.22473287968024,1.18920711500272,0.315569733030915
"355","S_2149_S9_L003",1.33866131834099,0.0830035316549969,0,"355","1","305",-0.766690868164739,0.36385655677785,-0.683687336509742,0.65497398183125,0,0.390809683291984
"356","S_2157_S122",1.33866131834099,-0.77077177430315,0,"356","1","306",0.228263852951717,0.424553240201206,-0.542507921351433,0.796153396989559,1.18920711500272,0.289187681134756
"357","S_2162_S4_L003",1.33866131834099,0.297740679727465,0,"357","1","307",0.111818084490856,0.36756817322247,0.409558764218321,1.74822008255931,2.05976714390712,0.384595473996378
"358","S_2167_S81_L003",1.33866131834099,-0.0800931282834289,0,"358","1","308",-1.23729000925644,0.364081240949445,-1.31738313753986,0.0212781808011273,0,0.390433503670914
"359","S_2177_S11_L003",1.33866131834099,-0.0261205389524566,0,"359","1","309",-0.344521296724905,0.348135607350722,-0.370641835677362,0.96801948266363,1.25743342968294,0.417130633078552
"360","S_2194_S133",1.33866131834099,0.33419812339162,0,"360","1","310",-0.178484525957672,0.362919085238632,0.155713597433947,1.49437491577494,1.8612097182042,0.392379253973735
"361","S_2195_S129",1.33866131834099,0.0535422686825445,0,"361","1","311",-0.506258711022253,0.351432095381522,-0.452716442339708,0.885944876001284,0,0.41161145649619
"362","S_2200_S5",1.33866131834099,0.125686310515031,0,"362","1","312",-0.510970394616426,0.362981537331544,-0.385284084101395,0.953377234239597,0.562341325190349,0.392274692960468
"363","S_2224_S161",1.33866131834099,0.264315938480581,0,"363","1","313",0.384310496810504,0.361675550934903,0.648626435291085,1.98728775363208,2.34034731932072,0.394461253163291
"364","S_2225_S110",1.33866131834099,0.537149565143371,0,"364","1","314",-0.234996731204803,0.518584704943497,0.302152833938567,1.64081415227956,1.31607401295249,0.131754602852073
"365","S_2233_S80_L003",1.33866131834099,0.0912646400409591,0,"365","1","315",-0.339887874666683,0.370935149713626,-0.248623234625724,1.09003808371527,1.56508458007329,0.378958281435771
"366","S_2277_S189",1.33866131834099,0.431126465151899,0,"366","1","316",-0.108999980592034,0.655809002827979,0.322126484559866,1.66078780290086,2.05976714390712,-0.0979944890114037
"367","S_228_S138",1.33866131834099,-0.270141466594708,0,"367","1","317",-0.329121855901398,0.377235692708252,-0.599263322496106,0.739397995844886,0.840896415253715,0.368409537127525
"368","S_2296_S115",1.33866131834099,-0.0413013292483659,0,"368","1","318",-0.850624472718441,0.377300231473096,-0.891925801966807,0.446735516374185,0,0.368301482483839
"369","S_229_S24_L003",1.33866131834099,0.261150414194353,0,"369","1","319",0.33508825000982,0.376542430432154,0.596238664204173,1.93489998254517,1.96798967126543,0.369570238117161
"370","S_2316_S149",1.33866131834099,0.0248442383365997,0,"370","1","320",-0.186711600584875,0.409353976963144,-0.161867362248276,1.17679395609272,1,0.314635192834749
"371","S_2317_S77_L003",1.33866131834099,0.216166832638946,0,"371","1","321",-0.0520906249972697,0.378083606569815,0.164076207641676,1.50273752598267,1.49534878122122,0.366989909243281
"372","S_2318_S85",1.33866131834099,0.218702075606211,0,"372","1","322",0.44511941755716,0.361376607061999,0.663821493163371,2.00248281150436,2.44948974278318,0.394961762798805
"373","S_2326_S100",1.33866131834099,-0.213014523600541,0,"373","1","323",-0.886617259738423,0.355092645753179,-1.09963178333896,0.239029535002029,0,0.405482745061159
"374","S_2332_S35_L003",1.33866131834099,-0.0286398803263619,0,"374","1","324",0.0103631173387398,0.364079706350917,-0.0182767629876221,1.32038455535337,1.96798967126543,0.390436072987162
"375","S_2335_S96",1.33866131834099,0.26469369502059,0,"375","1","325",-0.537249186142949,0.772479998396281,-0.272555491122359,1.06610582721863,0,-0.29333201809237
"376","S_2341_S56",1.33866131834099,-0.146895964805231,0,"376","1","326",-1.03264764424142,0.365464073111334,-1.17954360904665,0.159117709294343,0,0.38811828371139
"377","S_2344_S156",1.33866131834099,0.316918633493994,0,"377","1","327",-0.511348821514966,0.717747852067838,-0.194430188020972,1.14423113032002,0,-0.201696199155373
"378","S_2346_S152",1.33866131834099,-0.071819309289431,0,"378","1","328",-0.807122972406449,0.351592835838034,-0.87894228169588,0.459719036645112,0,0.411342335251055
"379","S_2387_S147",1.33866131834099,0.17108058262328,0,"379","1","329",-0.415923074237081,0.364685933528287,-0.244842491613801,1.09381882672719,1.18920711500272,0.38942109134316
"380","S_2397_S166",1.33866131834099,0.154801324125451,0,"380","1","330",-0.0985188745692537,0.390813276378298,0.0562824495561974,1.39494376789719,1.56508458007329,0.345677137938866
"381","S_255_S45",1.33866131834099,0.0758666973129984,0,"381","1","331",-1.07850128360427,0.37332140785842,-1.00263458629128,0.336026732049717,0,0.374963065936984
"382","S_256_S39_L003",1.33866131834099,0.175166202518649,0,"382","1","332",-0.968281497575346,0.365153385970787,-0.793115295056696,0.545546023284296,0,0.388638454624959
"383","S_274_S192",1.33866131834099,-0.123728184698608,0,"383","1","333",-0.801476520717446,0.355612655002451,-0.925204705416054,0.413456612924938,0,0.404612114607057
"384","S_276_S74",1.33866131834099,-0.826431469760717,0,"384","1","334",0.659820127071548,0.43968825251692,-0.166611342689169,1.17204997565182,1.49534878122122,0.263847742155401
"385","S_27_S7",1.33866131834099,0.00391316300563602,0,"385","1","335",-0.768948848176696,0.386027379277376,-0.76503568517106,0.573625633169932,0.840896415253715,0.353689971887665
"386","S_285_1_S191",1.33866131834099,0.197943103399333,0,"386","1","336",0.3923813055634,0.344805498371788,0.590324408962732,1.92898572730372,2.05976714390712,0.422706099854564
"387","S_289_S32_L003",1.33866131834099,0.243273118517706,0,"387","1","337",-0.381063257024279,0.600442908298298,-0.137790138506573,1.20087117983442,1.31607401295249,-0.00529727624133169
"388","S_292_S80",1.33866131834099,0.230897466867384,0,"388","1","338",-0.177734142453049,0.357888031666158,0.0531633244143351,1.39182464275533,1.31607401295249,0.400802543487415
"389","S_295_S46_L003",1.33866131834099,0.244022505990223,0,"389","1","339",-0.153436489796251,0.341163636745934,0.090586016193972,1.42924733453496,1.31607401295249,0.428803521478369
"390","S_297_S95",1.33866131834099,0.44922963906193,0,"390","1","340",0.524448665088117,0.355413572937776,0.973678304150048,2.31233962249104,2.51486685936587,0.404945429656
"391","S_302_S182",1.33866131834099,0.385333954233134,0,"391","1","341",0.111909335603319,0.369132493081079,0.497243289836453,1.83590460817744,2.11474252688113,0.381976396526569
"392","S_328_S179",1.33866131834099,-0.305103214904251,0,"392","1","342",0.651005471611798,0.428661502765883,0.345902256707546,1.68456357504854,1.56508458007329,0.282309383282827
"393","S_32_S152",1.33866131834099,0.228538693743091,0,"393","1","343",-0.941882829376648,0.374490302157238,-0.713344135633557,0.625317182707435,0,0.373006033488811
"394","S_331_S25",1.33866131834099,-0.823629227686038,0,"394","1","344",-0.0219962614167885,0.401828167476416,-0.845625489102827,0.493035829238165,0,0.327235351274394
"395","S_334_S137",1.33866131834099,-1.02240065715477,0,"395","1","345",0.0617321562721008,0.444610016621487,-0.96066850088267,0.377992817458322,0,0.255607431577587
"396","S_337_S8",1.33866131834099,0.429183508363182,0,"396","1","346",0.647876712501508,0.387857625733016,1.07706022086469,2.41572153920568,2.99069756244244,0.350625664271942
"397","S_339_S28_L003",1.33866131834099,0.196506067153181,0,"397","1","347",-0.626970862094254,0.391197355992921,-0.430464794941073,0.908196523399919,0,0.345034088974337
"398","S_341_S162",1.33866131834099,0.31741014800333,0,"398","1","348",-0.0386131103064144,0.610191498882216,0.278797037696915,1.61745835603791,1.83142075074235,-0.0216189471708437
"399","S_344_S160",1.33866131834099,0.371337430643069,0,"399","1","349",-0.159492536502104,0.729436655851991,0.211844894140964,1.55050621248196,1.56508458007329,-0.221266290573441
"400","S_357_S87",1.33866131834099,0.207391025302912,0,"400","1","350",0.215192660552279,0.374155825135077,0.422583685855191,1.76124500419618,1.49534878122122,0.373566034838974
"401","S_371_S41_L003",1.33866131834099,-0.125592674597292,0,"401","1","351",-0.242788792871326,0.352941279204212,-0.368381467468618,0.970279850872374,1,0.409084691061324
"402","S_373_S73",1.33866131834099,0.174703667180075,0,"402","1","352",-0.90960234228413,0.39223858603273,-0.734898675104055,0.603762643236937,0,0.343290799631595
"403","S_377_S12_L003",1.33866131834099,0.210452878512627,0,"403","1","353",0.289322162094564,0.386278727986739,0.499775040607191,1.83843635894818,2.78315768371374,0.353269148909464
"404","S_385_S62_L003",1.33866131834099,0.540753511569388,0,"404","1","354",-0.141203836657411,0.372669320259684,0.399549674911977,1.73821099325297,2.23606797749979,0.376054829829638
"405","S_393_S135",1.33866131834099,0.156971001962915,0,"405","2"," 51",-0.39868560345123,0.471503232925762,-0.241714601488315,1.09694671685268,NA,0.210581207224837
"406","S_397_S176",1.33866131834099,0.0126659846503473,0,"406","1","355",-0.152340631896179,0.364841485167806,-0.139674647245831,1.19898667109516,1.18920711500272,0.389160657524453
"407","S_406_S140",1.33866131834099,0.0159323957446846,0,"407","1","356",0.86999018481795,0.366684479667309,0.885922580562634,2.22458389890363,2.65914794847249,0.38607500637449
"408","S_407_S131",1.33866131834099,-0.452244301858866,0,"408","1","357",-0.782627523904916,0.387999569263056,-1.23487182576378,0.10378949257721,0,0.350388013960552
"409","S_413_S86_L003",1.33866131834099,0.0493694570345876,0,"409","1","358",-0.464759403215262,0.388036141747019,-0.415389946180674,0.923271372160318,0,0.350326782129839
"410","S_419_S1",1.33866131834099,0.0184427145688985,0,"410","1","359",0.327257423249735,0.363100308199994,0.345700137818633,1.68436145615963,1.49534878122122,0.392075839699152
"411","S_41_S124",1.33866131834099,0.0728990630650947,0,"411","1","360",-1.12340756450942,0.36538895728397,-1.05050850144432,0.288152816896671,0,0.388244047103061
"412","S_440_S128",1.33866131834099,0.164575589742304,0,"412","1","361",-1.13014173945057,0.557768659952058,-0.965566149708269,0.373095168632723,0,0.0661504917899443
"413","S_450_S135",1.33866131834099,0.00550696604775558,0,"413","1","362",-0.296587906462876,0.36471558136564,-0.29108094041512,1.04758037792587,0.840896415253715,0.389371453168197
"414","S_453_S63",1.33866131834099,-0.0890439255061417,0,"414","1","363",-0.852725212043971,0.413340290064373,-0.941769137550113,0.39689218079088,0,0.307961070037184
"415","S_454_S71_L003",1.33866131834099,-0.135336592905358,0,"415","1","364",0.386914771380216,0.362708742595346,0.251578178474858,1.59023949681585,2.54572989502183,0.392731422154006
"416","S_469_S119",1.33866131834099,0.388845815640589,0,"416","1","365",0.136618144693445,0.381417859546061,0.525463960334034,1.86412527867503,2.89250760851908,0.361407504340175
"417","S_474_S89_L003",1.33866131834099,0.319790152318399,0,"417","1","366",-0.509995593856071,0.783642463046816,-0.190205441537672,1.14845587680332,0,-0.312020881186989
"418","S_481_S27_L003",1.33866131834099,-0.128948448565893,0,"418","1","367",-0.499322424987675,0.349851092520504,-0.628270873553568,0.710390444787424,0.840896415253715,0.41425846564218
"419","S_487_S31",1.33866131834099,0.0965846324835482,0,"419","1","368",-0.0878822417222029,0.366185992898418,0.00870239076134538,1.34736370910234,1.49534878122122,0.386909602610173
"420","S_501_S43",1.33866131834099,0.146214678859277,0,"420","1","369",-0.631420922365211,0.371501712194535,-0.485206243505934,0.853455074835058,0,0.378009708788803
"421","S_509_S109",1.33866131834099,-0.265188708573006,0,"421","1","370",-0.552167221097177,0.384144482465541,-0.817355929670183,0.521305388670809,0,0.356842429865303
"422","S_515_S58",1.33866131834099,0.00177845139060304,0,"422","1","371",-1.42033094486181,0.369441263364136,-1.41855249347121,0,0,0.381459434929969
"423","S_516_S138",1.33866131834099,0.0911698271440694,0,"423","1","372",-0.549537900968,0.717288951558777,-0.458368073823931,0.880293244517061,0,-0.200927880593444
"424","S_517_S20_L003",1.33866131834099,0.269740973054683,0,"424","1","373",0.659550717507428,0.361801235532272,0.929291690562111,2.2679530089031,2.89250760851908,0.394250824525274
"425","S_522_S10",1.33866131834099,0.0556074555273895,0,"425","1","374",0.527559471068084,0.360084441521067,0.583166926595473,1.92182824493647,2.34034731932072,0.397125183301902
"426","S_524_S33_L003",1.33866131834099,0.269859599553139,0,"426","1","375",-0.0771276115340353,0.343358797428399,0.192731988019104,1.5313933063601,1.31607401295249,0.425128252731757
"427","S_528_S103",1.33866131834099,0.275320236734444,0,"427","1","376",0.610375692515909,0.376416381236159,0.885695929250353,2.22435724759135,2.34034731932072,0.369781277187912
"428","S_533_S68",1.33866131834099,0.279051740877675,0,"428","1","377",0.0761544438638228,0.493817277171487,0.355206184741498,1.69386750308249,1.56508458007329,0.173221705443509
"429","S_537_S78_L003",1.33866131834099,0.338401845057337,0,"429","1","378",0.796404457828286,0.362989299797308,1.13480630288562,2.47346762122662,2.78315768371374,0.392261696577995
"430","S_545_S69",1.33866131834099,-0.109753088247515,0,"430","1","379",0.253066173624269,0.353725188271156,0.143313085376754,1.48197440371775,1.10668191970032,0.407772223816016
"431","S_565_S149",1.33866131834099,0.100191126870405,0,"431","1","380",0.0956161745586883,0.366183788109613,0.195807301429093,1.53446861977009,2.05976714390712,0.386913293998895
"432","S_567_S165",1.33866131834099,-0.13249639767754,0,"432","1","381",-0.796983384547653,0.392745083154536,-0.929479782225193,0.409181536115799,0,0.342442791986008
"433","S_574_S155",1.33866131834099,0.542367148005434,0,"433","1","382",-0.916956242377486,0.734296018627603,-0.374589094372052,0.96407222396894,0,-0.229402125130029
"434","S_591_S99",1.33866131834099,0.154839396863678,0,"434","1","383",-0.224592775818049,0.353781132019467,-0.069753378954371,1.26890793938662,1.49534878122122,0.407678559460882
"435","S_5_S63_L003",1.33866131834099,0.489864668367564,0,"435","1","384",0.307001129429411,0.603609067362384,0.796865797796975,2.13552711613797,2.51486685936587,-0.0105982483059242
"436","S_629_S113",1.33866131834099,0.0493782624421624,0,"436","1","385",0.277582176995271,0.353056944162591,0.326960439437433,1.66562175777843,1.77827941003892,0.40889103789962
"437","S_630_S51_L003",1.33866131834099,0.35683033072171,0,"437","1","386",0.122963186907717,0.4003675202057,0.479793517629427,1.81845483597042,2.11474252688113,0.329680853923364
"438","S_631_S87_L003",1.33866131834099,0.0466400084109171,0,"438","1","387",0.491015847178332,0.351236866748819,0.537655855589249,1.87631717393024,1.96798967126543,0.411938319899834
"439","S_63_S170",1.33866131834099,-0.184970345064901,0,"439","1","388",-0.422388212847942,0.385400633454949,-0.607358557912843,0.731302760428149,0,0.354739307069202
"440","S_640_S178",1.33866131834099,-0.176700317414222,0,"440","1","389",-0.743784700901814,0.359822065688301,-0.920485018316036,0.418176300024956,0,0.39756446854682
"441","S_646_S142",1.33866131834099,-0.855451679472341,0,"441","1","390",0.705801319762879,0.445521247831985,-0.149650359709463,1.18901095863153,1.25743342968294,0.254081794016913
"442","S_650_S129",1.33866131834099,0.330280655765946,0,"442","1","391",0.246762050273667,0.756647977452358,0.577042706039612,1.9157040243806,2.17793858734643,-0.266825105757559
"443","S_653_S6",1.33866131834099,0.645875472162472,0,"443","1","392",1.178111273308,0.372181932517144,1.82398674547047,3.16264806381146,2.34034731932072,0.376870843414405
"444","S_656_S181",1.33866131834099,0.182063358776033,0,"444","1","393",0.403816177056224,0.361754483141506,0.585879535832257,1.92454085417325,2.34034731932072,0.394329100162216
"445","S_657_S154",1.33866131834099,0.281270413733994,0,"445","1","394",0.172057043929193,0.806675735672263,0.453327457663187,1.79198877600418,2.23606797749979,-0.350584557955045
"446","S_658_S33",1.33866131834099,0.427902155022385,0,"446","1","395",0.64703065518893,0.345664268791891,1.07493281021131,2.41359412855231,2.89250760851908,0.421268295273453
"447","S_65_S29_L003",1.33866131834099,0.132762704371806,0,"447","1","396",0.311725092337473,0.375761338844812,0.444487796709279,1.78314911505027,2.11474252688113,0.370877988170326
"448","S_662_S98",1.33866131834099,0.107424728146901,0,"448","1","397",-0.289287123202142,0.365113490873591,-0.181862395055241,1.15679892328575,0.840896415253715,0.388705249372623
"449","S_673_S40_L003",1.33866131834099,0.0581948913915364,0,"449","1","398",-0.149822377965819,0.361084264034768,-0.0916274865742827,1.24703383176671,1.4142135623731,0.395451220905382
"450","S_674_S130",1.33866131834099,-0.199122038754042,0,"450","1","399",-0.217841076027737,0.362306485165967,-0.416963114781778,0.921698203559214,0,0.393404905498574
"451","S_679_S9",1.33866131834099,0.088155812380092,0,"451","1","400",0.0877740046896538,0.367070821802404,0.175929817069746,1.51459113541074,1.25743342968294,0.385428169363442
"452","S_685_S121",1.33866131834099,0.0925903948294864,0,"452","1","401",-0.160575921588616,0.378748891939773,-0.0679855267591294,1.27067579158186,1.31607401295249,0.365876048856059
"453","S_695_S46",1.33866131834099,0.137765291861429,0,"453","1","402",0.5266186797341,0.345242151926554,0.66438397159553,2.00304528993652,2.51486685936587,0.421975028468425
"454","S_696_S88",1.33866131834099,0.287421354458001,0,"454","1","403",0.449432703148876,0.396443977511369,0.736854057606877,2.07551537594787,2.34034731932072,0.336249882767433
"455","S_706_S108",1.33866131834099,0.167621545511636,0,"455","1","404",-0.234393277763237,0.364027344252155,-0.0667717322516002,1.27188958608939,1.25743342968294,0.390523740731315
"456","S_711_S50",1.33866131834099,0.142383727784431,0,"456","1","405",-0.0214063605545938,0.349445835937018,0.120977367229837,1.45963868557083,1.49534878122122,0.414936970349168
"457","S_712_S136",1.33866131834099,0.0528064982345028,0,"457","1","406",-0.134170830831091,0.372531724961647,-0.0813643325965882,1.2572969857444,1.45647531512197,0.376285200072051
"458","S_713_S163",1.33866131834099,0.342418458215307,0,"458","1","407",0.140477324363972,0.53998398225812,0.48289578257928,1.82155710092027,1.77827941003892,0.0959266583454231
"459","S_714_S34_L003",1.33866131834099,0.0411661555787074,0,"459","1","408",0.0883519650400936,0.379437073533544,0.129518120618801,1.46817943895979,1.56508458007329,0.364723854247352
"460","S_726_S69_L003",1.33866131834099,0.235819934287019,0,"460","1","409",0.818176473932451,0.359453397503563,1.05399640821947,2.39265772656046,2.78315768371374,0.398181714777614
"461","S_733_S67_L003",1.33866131834099,-0.940290381543587,0,"461","1","410",0.51601223137832,0.421293027313231,-0.424278150165267,0.914383168175725,1.25743342968294,0.294646123712648
"462","S_738_S39",1.33866131834099,0.275385761323563,0,"462","1","411",0.0979069459050732,0.39554115993095,0.373292707228637,1.71195402556963,1.56508458007329,0.337761433727558
"463","S_758_S128",1.33866131834099,0.381967782230193,0,"463","1","412",0.579238625713495,0.353721685369404,0.961206407943689,2.29986772628468,2.65914794847249,0.407778088582742
"464","S_762_S173",1.33866131834099,0.147357174772734,0,"464","1","413",0.791581445417707,0.379501472058315,0.938938620190441,2.27759993853143,2.11474252688113,0.364616034401948
"465","S_764_S93_L003",1.33866131834099,0.40643711226522,0,"465","1","414",0.508100659920314,0.386250646530347,0.914537772185533,2.25319909052653,2.89250760851908,0.353316164556137
"466","S_765_S48",1.33866131834099,0.363619893513069,0,"466","1","415",0.22887120713783,0.347962115623872,0.592491100650899,1.93115241899189,1.31607401295249,0.417421103259884
"467","S_770_S57_L003",1.33866131834099,0.110305947520537,0,"467","1","416",-0.2723196615864,0.431349578678163,-0.162013714065863,1.17664760427513,1.4142135623731,0.277808846503063
"468","S_772_S58_L003",1.33866131834099,-0.154561201706115,0,"468","1","417",-1.06655401731303,0.364494630367448,-1.22111521901914,0.117546099321847,0,0.38974138248803
"469","S_779_S94_L003",1.33866131834099,-0.0169257200751605,0,"469","1","418",-0.837217859668662,0.364973289720948,-0.854143579743823,0.484517738597169,0,0.388939982492009
"470","S_7_S141",1.33866131834099,0.145948625528386,0,"470","1","419",0.0792472259867427,0.367547342482254,0.225195851515129,1.56385716985612,1.31607401295249,0.384630350062215
"471","S_813_S44_L003",1.33866131834099,0.34379859243123,0,"471","1","420",0.387728962523167,0.347075213450656,0.731527554954397,2.07018887329539,2.23606797749979,0.418906007697432
"472","S_824_S40",1.33866131834099,-0.0180679164000052,0,"472","1","421",-0.858245535788789,0.361580560665934,-0.876313452188794,0.462347866152198,0,0.39462029152871
"473","S_825_S71",1.33866131834099,-0.0860422886696654,0,"473","1","422",-0.226784264766879,0.395739630680454,-0.312826553436545,1.02583476490445,1.25743342968294,0.337429142178881
"474","S_826_S8_L003",1.33866131834099,0.218445492221,0,"474","1","423",-0.00192576503071923,0.368819128375741,0.21651972719028,1.55518104553127,1.56508458007329,0.382501050378572
"475","S_837_S50_L003",1.33866131834099,0.257503794389549,0,"475","1","424",0.796086139754534,0.371057394147565,1.05358993414408,2.39225125248507,2.65914794847249,0.378753612524246
"476","S_83_S14",1.33866131834099,-0.41699391875032,0,"476","1","425",-0.996865092815021,0.39529396054281,-1.41385901156534,0,0,0.338175309665055
"477","S_840_S88_L003",1.33866131834099,0.102900599200551,0,"477","1","426",0.302482144164701,0.359400325919983,0.405382743365252,1.74404406170624,1.77827941003892,0.398270570383503
"478","S_844_S151",1.33866131834099,-0.192182997893861,0,"478","1","427",-0.74636490187307,0.36627843270882,-0.938547899766932,0.40011341857406,0,0.386754834374377
"479","S_85_S36_L003",1.33866131834099,0.267360931765008,0,"479","1","428",-0.0457018689370865,0.374113085992225,0.221659062827922,1.56032038116891,1.18920711500272,0.373637591257253
"480","S_861_S22_L003",1.33866131834099,0.370958976950771,0,"480","1","429",0.359661848303713,0.387687187885224,0.730620825254484,2.06928214359548,2.51486685936587,0.350911021467082
"481","S_865_S82",1.33866131834099,-0.0340062674443923,0,"481","1","430",0.109908564965858,0.342497633354614,0.0759022975214661,1.41456361586246,1.77827941003892,0.426570064910413
"482","S_879_S97",1.33866131834099,0.0932503035370396,0,"482","1","431",0.139269516452092,0.368245827170207,0.232519819989131,1.57118113833012,1.31607401295249,0.383460905399631
"483","S_87_S81",1.33866131834099,0.152672331094592,0,"483","1","432",0.0150626305588412,0.354752498374769,0.167734961653434,1.50639627999443,2.34034731932072,0.406052240059451
"484","S_885_S77",1.33866131834099,-0.0672641545410086,0,"484","1","433",-0.438084150684369,0.378451244155696,-0.505348305225377,0.833313013115615,0.840896415253715,0.36637438850247
"485","S_901_S136",1.33866131834099,0.0398905818331212,0,"485","2"," 52",-0.021343894458163,0.542689156721919,0.0185466873749582,1.35720800571595,NA,0.0913974941524079
"486","S_932_S42_L003",1.33866131834099,-0.190419100497484,0,"486","1","434",-0.25029595259198,0.374966913938073,-0.440715053089464,0.897946265251528,1.31607401295249,0.372208061660888
"487","S_961_S70_L003",1.33866131834099,-0.0128796524251419,0,"487","1","435",0.63707599652532,0.387586032829097,0.624196344100178,1.96285766244117,2.63214802590498,0.351080381286304
"488","S_962_S42",1.33866131834099,0.159609958725878,0,"488","1","436",0.0752881238113399,0.361905127061483,0.234898082537218,1.57355940087821,1.49534878122122,0.394076883139844
"489","S_972_S142",1.33866131834099,0.263620487725658,0,"489","1","437",-0.888774926443874,0.667676442052987,-0.625154438718216,0.713506879622776,0,-0.117863662523122
"490","S_978_S90",1.33866131834099,0.0862881993552716,0,"490","1","438",-0.854852465740812,0.452094623776979,-0.76856426638554,0.570097051955452,0,0.243076256534689
"491","S_983_S4",1.33866131834099,-0.190326515382692,0,"491","1","439",-0.538479988973054,0.389409734906505,-0.728806504355746,0.609854813985246,0,0.348027030658365
"492","S_993_S55",1.33866131834099,-0.0999078469451987,0,"492","1","440",-0.0746616507060104,0.360674244864766,-0.174569497651209,1.16409182068978,0.840896415253715,0.396137699418349
