LIBRARY,Chlorosis,Flecking,Necrosis
S_1007_S311,0,0,0
S_1045_S231,0,0,0
S_1052_S227,0,0,0
S_1127_S332,0,0,0
S_1130_S319,0,0,0
S_1161_S254,0,0,0
S_1162_S384,0,0,0
S_1237_S377,0,0,0
S_129_S310,0,0,0
S_1305_S246,0,0,0
S_130_S333,0,0,0
S_1315_S322,0,0,0
S_1324_S206,0,0,0
S_1404_S202,0,0,0
S_140_S320,0,0,0
S_1423_S318,0,0,0
S_1431_S278,0,0,0
S_1441_S235,0,0,0
S_1442_S328,0,0,0
S_1452_S275,0,0,0
S_1472_S295,0,0,0
S_1496_S272,0,0,0
S_1513_S327,0,0,0
S_1549_S342,0,0,0
S_1599_S343,0,0,0
S_1619_S303,0,0,0
S_1629_S373,0,0,0
S_1631_S361,0,0,0
S_1637_S325,0,0,0
S_165_S284,0,0,0
S_1677_S221,0,0,0
S_1689_S192,0,0,0
S_171_S219,0,0,0
S_1728_S376,0,0,0
S_1779_S226,0,0,0
S_1810_S213,0,0,0
S_1818_S238,0,0,0
S_1825_S198,0,0,0
S_1837_S256,0,0,0
S_183_S263,0,0,0
S_1841_S250,0,0,0
S_1874_S244,0,0,0
S_1877_S262,0,0,0
S_1973_S267,0,0,0
S_198_S304,0,0,0
S_2010_S200,0,0,0
S_2015_S266,0,0,0
S_2037_S371,0,0,0
S_209_S379,0,0,0
S_2103_S301,0,0,0
S_2105_S269,0,0,0
S_2115_S280,0,0,0
S_2140_S363,0,0,0
S_2145_S212,0,0,0
S_2187_S360,0,0,0
S_2201_S214,0,0,0
S_2203_S277,0,0,0
S_2212_S230,0,0,0
S_2228_S346,0,0,0
S_2232_S273,0,0,0
S_2299_S281,0,0,0
S_2302_S259,0,0,0
S_2307_S288,0,0,0
S_2319_S337,0,0,0
S_231_S260,0,0,0
S_2351_S197,0,0,0
S_2375_S268,0,0,0
S_242_S324,0,0,0
S_248_S252,0,0,0
S_272_S326,0,0,0
S_28_S364,0,0,0
S_294_S317,0,0,0
S_298_S354,0,0,0
S_304_S341,0,0,0
S_325_S347,0,0,0
S_381_S205,0,0,0
S_382_S276,0,0,0
S_389_S330,0,0,0
S_394_S237,0,0,0
S_398_S239,0,0,0
S_415_S222,0,0,0
S_451_S261,0,0,0
S_477_S225,0,0,0
S_4_S313,0,0,0
S_525_S305,0,0,0
S_550_S257,0,0,0
S_572_S203,0,0,0
S_652_S232,0,0,0
S_66_S321,0,0,0
S_701_S340,0,0,0
S_737_S201,0,0,0
S_797_S209,0,0,0
S_809_S270,0,0,0
S_829_S286,0,0,0
S_831_S353,0,0,0
S_838_S306,0,0,0
S_874_S217,0,0,0
S_881_S365,0,0,0
S_89_S199,0,0,0
S_927_S334,0,0,0
S_9_S300,0,0,0
S_1001_S52_L003,0,0,0
S_1004_S75_L003,0,0,0
S_1012_S150,0,0,0
S_1022_S29,0,0,0
S_1029_S66_L003,0,0,0
S_1030_S13,0,0,0
S_1036_S32,0,0,0
S_1041_S151,0,0,0
S_1075_S38,0,0,0
S_107_S16,0,0,0
S_1125_S30_L003,0,0,0
S_1134_S91,0,0,0
S_1154_S161,0,0,0
S_1160_S11,0,0,0
S_1177_S24,0,0,0
S_1179_S105,0,0,0
S_1200_S164,0,0,0
S_1202_S72_L003,0,0,0
S_1213_S95_L003,0,0,0
S_121_S96_L003,0,0,0
S_1247_S133,0,0,0
S_125_S163,0,0,0
S_1278_S20,0,0,0
S_1287_S146,0,0,0
S_1308_S183,0,0,0
S_1323_S36,0,0,0
S_1326_S53_L003,0,0,0
S_132_S41,0,0,0
S_1330_S26_L003,0,0,0
S_1370_S76,0,0,0
S_1374_S132,0,0,0
S_1384_S78,0,0,0
S_1390_S94,0,0,0
S_1393_S83_L003,0,0,0
S_1395_S102,0,0,0
S_1405_S126,0,0,0
S_1408_S17_L003,0,0,0
S_1412_S125,0,0,0
S_1434_S73_L003,0,0,0
S_1443_S64_L003,0,0,0
S_1499_S25_L003,0,0,0
S_14_S3,0,0,0
S_1506_S61,0,0,0
S_151_S93,0,0,0
S_1521_S18,0,0,0
S_1528_S47,0,0,0
S_1531_S31_L003,0,0,0
S_1532_S117,0,0,0
S_1542_S44,0,0,0
S_159_S190,0,0,0
S_1620_S26,0,0,0
S_1660_S143,0,0,0
S_1669_S157,0,0,0
S_1678_S107,0,0,0
S_1687_S90_L003,0,0,0
S_1689_1_S192,0,0,0
S_1691_S141,0,0,0
S_16_S56_L003,0,0,0
S_1735_S172,0,0,0
S_177_S62,0,0,0
S_1781_S84,0,0,0
S_1800_S14_L003,0,0,0
S_1811_S148,0,0,0
S_1822_S37,0,0,0
S_1828_S156,0,0,0
S_1831_S153,0,0,0
S_1834_S114,0,0,0
S_1835_S57,0,0,0
S_1845_S34,0,0,0
S_185_S72,0,0,0
S_1861_S1_L003,0,0,0
S_1866_S158,0,0,0
S_189_S37_L003,0,0,0
S_190_S2,0,0,0
S_1921_S54,0,0,0
S_1934_S21_L003,0,0,0
S_1935_S15,0,0,0
S_1939_S59,0,0,0
S_1950_S66,0,0,0
S_1956_S127,0,0,0
S_1971_S104,0,0,0
S_1998_S79_L003,0,0,0
S_1_S123,0,0,0
S_2005_S22,0,0,0
S_2029_S18_L003,0,0,0
S_2031_S70,0,0,0
S_2066_S68_L003,0,0,0
S_2075_S187,0,0,0
S_2076_S5_L003,0,0,0
S_2080_S6_L003,0,0,0
S_2083_S65_L003,0,0,0
S_2089_S17,0,0,0
S_2096_S54_L003,0,0,0
S_2108_S154,0,0,0
S_210_S177,0,0,0
S_2120_S134,0,0,0
S_2124_S101,0,0,0
S_2125_S140,0,0,0
S_212_S12,0,0,0
S_2138_S112,0,0,0
S_2143_S84_L003,0,0,0
S_2149_S9_L003,0,0,0
S_2167_S81_L003,0,0,0
S_2195_S129,0,0,0
S_2224_S161,0,0,0
S_2225_S110,0,0,0
S_225_S143,0,0,0
S_2285_S158,0,0,0
S_2296_S115,0,0,0
S_2317_S77_L003,0,0,0
S_2318_S85,0,0,0
S_2326_S100,0,0,0
S_2332_S35_L003,0,0,0
S_2335_S96,0,0,0
S_2341_S56,0,0,0
S_2344_S156,0,0,0
S_2346_S152,0,0,0
S_2362_S55_L003,0,0,0
S_2386_S67,0,0,0
S_2388_S137,0,0,0
S_255_S45,0,0,0
S_256_S39_L003,0,0,0
S_274_S192,0,0,0
S_297_S95,0,0,0
S_302_S182,0,0,0
S_32_S152,0,0,0
S_331_S25,0,0,0
S_334_S137,0,0,0
S_337_S8,0,0,0
S_339_S28_L003,0,0,0
S_341_S162,0,0,0
S_357_S87,0,0,0
S_358_S153,0,0,0
S_373_S73,0,0,0
S_377_S12_L003,0,0,0
S_385_S62_L003,0,0,0
S_393_S135,0,0,0
S_406_S140,0,0,0
S_407_S131,0,0,0
S_413_S86_L003,0,0,0
S_419_S1,0,0,0
S_41_S124,0,0,0
S_440_S128,0,0,0
S_453_S63,0,0,0
S_469_S119,0,0,0
S_501_S43,0,0,0
S_509_S109,0,0,0
S_515_S58,0,0,0
S_516_S138,0,0,0
S_517_S20_L003,0,0,0
S_522_S10,0,0,0
S_528_S103,0,0,0
S_537_S78_L003,0,0,0
S_557_S159,0,0,0
S_567_S165,0,0,0
S_574_S155,0,0,0
S_591_S99,0,0,0
S_5_S63_L003,0,0,0
S_627_S83,0,0,0
S_629_S113,0,0,0
S_630_S51_L003,0,0,0
S_631_S87_L003,0,0,0
S_63_S170,0,0,0
S_640_S178,0,0,0
S_650_S129,0,0,0
S_657_S154,0,0,0
S_658_S33,0,0,0
S_65_S29_L003,0,0,0
S_674_S130,0,0,0
S_695_S46,0,0,0
S_696_S88,0,0,0
S_711_S50,0,0,0
S_713_S163,0,0,0
S_726_S69_L003,0,0,0
S_758_S128,0,0,0
S_762_S173,0,0,0
S_764_S93_L003,0,0,0
S_772_S58_L003,0,0,0
S_779_S94_L003,0,0,0
S_813_S44_L003,0,0,0
S_826_S8_L003,0,0,0
S_837_S50_L003,0,0,0
S_83_S14,0,0,0
S_840_S88_L003,0,0,0
S_844_S151,0,0,0
S_856_S174,0,0,0
S_861_S22_L003,0,0,0
S_865_S82,0,0,0
S_87_S81,0,0,0
S_901_S136,0,0,0
S_962_S42,0,0,0
S_972_S142,0,0,0
S_978_S90,0,0,0
S_983_S4,0,0,0
S_102_S245,1,0,0
S_106_S223,1,0,0
S_1082_S287,1,0,0
S_108_S258,1,0,0
S_1132_S315,1,0,0
S_1159_S297,1,0,0
S_1328_S372,1,0,0
S_150_S251,1,0,0
S_1518_S240,1,0,0
S_1584_S296,1,0,0
S_1621_S339,1,0,0
S_1736_S359,1,0,0
S_1900_S242,1,0,0
S_1969_S291,1,0,0
S_2104_S224,1,0,0
S_2226_S298,1,0,0
S_2395_S194,1,0,0
S_269_S228,1,0,0
S_285_S191,1,0,0
S_402_S309,1,0,0
S_449_S352,1,0,0
S_496_S381,1,0,0
S_597_S255,1,0,0
S_704_S282,1,0,0
S_716_S283,1,0,0
S_81_S279,1,0,0
S_869_S241,1,0,0
S_1020_S139,1,0,0
S_1053_S23,1,0,0
S_1076_S167,1,0,0
S_1093_S116,1,0,0
S_10_S169,1,0,0
S_1135_S76_L003,1,0,0
S_1138_S159,1,0,0
S_1140_S60_L003,1,0,0
S_1203_S53,1,0,0
S_1289_S164,1,0,0
S_1467_S106,1,0,0
S_1468_S139,1,0,0
S_1479_S2_L003,1,0,0
S_1552_S185,1,0,0
S_1604_S168,1,0,0
S_1740_S146,1,0,0
S_1757_S61_L003,1,0,0
S_1871_S186,1,0,0
S_1909_S132,1,0,0
S_1946_S184,1,0,0
S_1955_S145,1,0,0
S_2008_S85_L003,1,0,0
S_2038_S118,1,0,0
S_2098_S191,1,0,0
S_2162_S4_L003,1,0,0
S_2397_S166,1,0,0
S_285_1_S191,1,0,0
S_344_S160,1,0,0
S_454_S71_L003,1,0,0
S_533_S68,1,0,0
S_565_S149,1,0,0
S_653_S6,1,0,0
S_656_S181,1,0,0
S_662_S98,1,0,0
S_685_S121,1,0,0
S_712_S136,1,0,0
S_714_S34_L003,1,0,0
S_738_S39,1,0,0
S_765_S48,1,0,0
S_961_S70_L003,1,0,0
S_109_S351,0,1,0
S_1124_S271,0,1,0
S_1407_S312,0,1,0
S_1437_S292,0,1,0
S_1649_S331,0,1,0
S_1653_S294,0,1,0
S_2014_S264,0,1,0
S_2073_S215,0,1,0
S_2155_S383,0,1,0
S_2323_S355,0,1,0
S_421_S358,0,1,0
S_529_S314,0,1,0
S_699_S356,0,1,0
S_769_S220,0,1,0
S_984_S370,0,1,0
S_1118_S92,0,1,0
S_113_S7_L003,0,1,0
S_122_S43_L003,0,1,0
S_1257_S89,0,1,0
S_1727_S30,0,1,0
S_1783_S150,0,1,0
S_1910_S23_L003,0,1,0
S_2025_S28,0,1,0
S_2126_S35,0,1,0
S_2200_S5,0,1,0
S_2211_S38_L003,0,1,0
S_289_S32_L003,0,1,0
S_43_S157,0,1,0
S_481_S27_L003,0,1,0
S_483_S160,0,1,0
S_487_S31,0,1,0
S_524_S33_L003,0,1,0
S_646_S142,0,1,0
S_673_S40_L003,0,1,0
S_679_S9,0,1,0
S_969_S19_L003,0,1,0
S_985_S131,0,1,0
S_1223_S229,1,1,0
S_1639_S204,1,1,0
S_1899_S193,1,1,0
S_197_S207,1,1,0
S_2107_S349,1,1,0
S_2116_S350,1,1,0
S_2358_S289,1,1,0
S_989_S196,1,1,0
S_1010_S144,1,1,0
S_1651_S111,1,1,0
S_1675_S175,1,1,0
S_1697_S147,1,1,0
S_1747_S48_L003,1,1,0
S_1799_S86,1,1,0
S_181_S65,1,1,0
S_2139_S60,1,1,0
S_2157_S122,1,1,0
S_2177_S11_L003,1,1,0
S_2198_S47_L003,1,1,0
S_276_S74,1,1,0
S_292_S80,1,1,0
S_706_S108,1,1,0
S_770_S57_L003,1,1,0
S_824_S40,1,1,0
S_825_S71,1,1,0
S_879_S97,1,1,0
S_932_S42_L003,1,1,0
S_1054_S345,0,0,1
S_1742_S357,0,0,1
S_1952_S293,0,0,1
S_471_S344,0,0,1
S_861838_S2,0,0,1
S_868442_S1,0,0,1
S_1343_S366,1,0,1
S_1383_S323,1,0,1
S_1623_S378,1,0,1
S_1813_S253,1,0,1
S_1817_S210,1,0,1
S_1839_S299,1,0,1
S_1865_S374,1,0,1
S_2192_S307,1,0,1
S_2193_S216,1,0,1
S_261_S368,1,0,1
S_473_S362,1,0,1
S_499_S265,1,0,1
S_564_S211,1,0,1
S_732_S243,1,0,1
S_101_S15_L003,1,0,1
S_1403_S130,1,0,1
S_1413_S10_L003,1,0,1
S_1462_S171,1,0,1
S_1603_S91_L003,1,0,1
S_169_S27,1,0,1
S_1780_S45_L003,1,0,1
S_188_S79,1,0,1
S_1945_S21,1,0,1
S_2130_S16_L003,1,0,1
S_2194_S133,1,0,1
S_2233_S80_L003,1,0,1
S_2277_S189,1,0,1
S_229_S24_L003,1,0,1
S_328_S179,1,0,1
S_474_S89_L003,1,0,1
S_545_S69,1,0,1
S_7_S141,1,0,1
S_1057_S302,0,1,1
S_137_S285,0,1,1
S_1573_S236,0,1,1
S_1749_S247,0,1,1
S_2099_S335,0,1,1
S_2135_S234,0,1,1
S_6_S348,0,1,1
S_1013_S145,0,1,1
S_1210_S120,0,1,1
S_154_S162,0,1,1
S_1565_S74_L003,0,1,1
S_1567_S13_L003,0,1,1
S_1674_S49_L003,0,1,1
S_1755_S134,0,1,1
S_1823_S3_L003,0,1,1
S_1855_S49,0,1,1
S_199_S59_L003,0,1,1
S_2039_S155,0,1,1
S_27_S7,0,1,1
S_397_S176,0,1,1
S_85_S36_L003,0,1,1
S_885_S77,0,1,1
S_1031_S380,1,1,1
S_1317_S208,1,1,1
S_1430_S329,1,1,1
S_1488_S316,1,1,1
S_148_S249,1,1,1
S_1643_S375,1,1,1
S_1683_S338,1,1,1
S_1699_S367,1,1,1
S_1723_S369,1,1,1
S_1936_S218,1,1,1
S_2214_S290,1,1,1
S_2271_S195,1,1,1
S_2370_S336,1,1,1
S_437_S233,1,1,1
S_494_S382,1,1,1
S_552_S308,1,1,1
S_868_S274,1,1,1
S_905_S248,1,1,1
S_141_S188,1,1,1
S_1464_S64,1,1,1
S_147_S19,1,1,1
S_1516_S148,1,1,1
S_1561_S52,1,1,1
S_1725_S144,1,1,1
S_1753_S75,1,1,1
S_1824_S180,1,1,1
S_1856_S51,1,1,1
S_2077_S82_L003,1,1,1
S_228_S138,1,1,1
S_2316_S149,1,1,1
S_2387_S147,1,1,1
S_295_S46_L003,1,1,1
S_371_S41_L003,1,1,1
S_450_S135,1,1,1
S_733_S67_L003,1,1,1
S_993_S55,1,1,1
