,chr,rs,ps,n_miss,allele1,allele0,af,beta,se,logl_H1,l_remle,p_wald
4681,MqA_CHR08,"MqA_CHR08:19357911\A,\G",19357911,0,G,A,0.737,0.6474309,0.08788198,-588.998,1.116357,7.454964e-13
3635,MqA_CHR08,"MqA_CHR08:19339421\G,\C",19339421,0,C,G,0.162,-0.7046056,0.0986455,-590.5378,1.132771,3.327366e-12
3323,MqA_CHR08,"MqA_CHR08:19336605\A,\G",19336605,0,G,A,0.174,-0.6400752,0.09580655,-592.1892,1.347792,6.466503e-11
4719,MqA_CHR08,"MqA_CHR08:19358240\G,\A",19358240,0,A,G,0.733,0.5437716,0.08759635,-594.4242,1.438572,1.146877e-09
3514,MqA_CHR08,"MqA_CHR08:19338387\A,\G",19338387,0,G,A,0.745,0.5939467,0.09859599,-596.2557,1.282561,3.343573e-09
3868,MqA_CHR08,"MqA_CHR08:19348127\A,\G",19348127,0,G,A,0.683,0.538681,0.09096029,-596.5073,1.331565,5.98578e-09
4082,MqA_CHR08,"MqA_CHR08:19349317\T,\C",19349317,0,C,T,0.682,0.5383324,0.09193039,-597.4351,1.224951,8.704902e-09
4080,MqA_CHR08,"MqA_CHR08:19349286\T,\C",19349286,0,C,T,0.671,0.5275928,0.09080169,-597.1845,1.31823,1.123313e-08
3338,MqA_CHR08,"MqA_CHR08:19336685\C,\T",19336685,0,T,C,0.709,0.5594304,0.09774827,-596.7932,1.52839,1.823229e-08
3796,MqA_CHR08,"MqA_CHR08:19347539\T,\A",19347539,0,A,T,0.673,0.5034872,0.08925545,-598.0552,1.326197,2.862303e-08
3844,MqA_CHR08,"MqA_CHR08:19347992\A,\G",19347992,0,G,A,0.658,0.5137253,0.09157781,-597.9011,1.389242,3.39293e-08
4013,MqA_CHR08,"MqA_CHR08:19348984\C,\A",19348984,0,A,C,0.686,0.5196897,0.09338087,-598.1523,1.385393,4.315388e-08
4109,MqA_CHR08,"MqA_CHR08:19349473\A,\G",19349473,0,G,A,0.673,0.4838907,0.08930954,-599.5795,1.260187,9.460094e-08
3879,MqA_CHR08,"MqA_CHR08:19348203\G,\A",19348203,0,A,G,0.678,0.4951677,0.09251107,-599.3511,1.360634,1.334886e-07
3874,MqA_CHR08,"MqA_CHR08:19348177\A,\G",19348177,0,G,A,0.663,0.4781634,0.08982887,-600.6699,1.160219,1.556475e-07
3432,MqA_CHR08,"MqA_CHR08:19337490\C,\T",19337490,0,T,C,0.714,0.5411915,0.1016772,-599.2488,1.432865,1.559763e-07
4116,MqA_CHR08,"MqA_CHR08:19349526\A,\G",19349526,0,G,A,0.681,0.4845052,0.09327369,-599.905,1.410111,3.016833e-07
3685,MqA_CHR08,"MqA_CHR08:19339802\A,\G",19339802,0,G,A,0.724,0.5440807,0.1057813,-599.2774,1.661745,3.907588e-07
4044,MqA_CHR08,"MqA_CHR08:19349112\T,\C",19349112,0,C,T,0.655,0.4481265,0.09091862,-601.3996,1.373839,1.133641e-06
4605,MqA_CHR08,"MqA_CHR08:19357373\G,\A",19357373,0,A,G,0.7,0.4448816,0.09137774,-599.634,2.004328,1.518613e-06
3472,MqA_CHR08,"MqA_CHR08:19337785\A,\T",19337785,0,T,A,0.722,0.4972823,0.1032171,-600.966,1.619212,1.93811e-06
3258,MqA_CHR08,"MqA_CHR08:19335439\A,\C",19335439,0,C,A,0.735,0.4788673,0.1021105,-600.5521,2.005535,3.552856e-06
3261,MqA_CHR08,"MqA_CHR08:19335449\T,\A",19335449,0,A,T,0.734,0.4772905,0.1028051,-600.8366,1.965544,4.422598e-06
3468,MqA_CHR08,"MqA_CHR08:19337758\T,\C",19337758,0,C,T,0.726,0.4734891,0.1061763,-602.1791,1.735179,1.019782e-05
4254,MqA_CHR08,"MqA_CHR08:19353548\A,\G",19353548,0,G,A,0.311,-0.3576073,0.08114849,-601.8512,1.990381,1.289636e-05
5775,MqA_CHR08,"MqA_CHR08:19519429\C,\T",19519429,0,T,C,0.142,-0.4235835,0.09971462,-602.2668,2.214655,2.582477e-05
3648,MqA_CHR08,"MqA_CHR08:19339492\A,\G",19339492,0,G,A,0.714,0.4049281,0.1047811,-604.2215,1.866322,0.0001262846
3556,MqA_CHR08,"MqA_CHR08:19339025\A,\T",19339025,0,T,A,0.695,0.3877931,0.1040805,-604.2762,2.123825,0.0002172859
5743,MqA_CHR08,"MqA_CHR08:19519110\T,\A",19519110,0,A,T,0.098,-0.3903714,0.1105573,-604.9023,2.294737,0.0004531898
3687,MqA_CHR08,"MqA_CHR08:19339809\A,\C",19339809,0,C,A,0.936,-0.4863688,0.1444753,-604.8336,3.593826,0.0008212817
2898,MqA_CHR08,"MqA_CHR08:19243097\G,\A",19243097,0,A,G,0.037,-0.5067555,0.1525499,-605.3377,2.625249,0.0009608729
3813,MqA_CHR08,"MqA_CHR08:19347642\C,\T",19347642,0,T,C,0.639,0.3088492,0.09341809,-605.7832,2.045823,0.001015472
5275,MqA_CHR08,"MqA_CHR08:19478355\C,\T",19478355,0,T,C,0.522,-0.361956,0.1109304,-605.327,2.907076,0.001179713
3043,MqA_CHR08,"MqA_CHR08:19291067\T,\C",19291067,0,C,T,0.018,0.9308817,0.2914246,-605.277,3.251833,0.001492263
5388,MqA_CHR08,"MqA_CHR08:19510986\T,\C",19510986,0,C,T,0.214,-0.3637941,0.1171335,-605.5078,2.667667,0.002007574
2022,MqA_CHR08,"MqA_CHR08:19211955\C,\T",19211955,0,T,C,0.092,0.5251253,0.1716286,-605.4443,3.197128,0.002337304
2622,MqA_CHR08,"MqA_CHR08:19223963\C,\T",19223963,0,T,C,0.011,0.8769468,0.2974598,-606.2387,3.306181,0.003349747
3193,MqA_CHR08,"MqA_CHR08:19333592\T,\C",19333592,0,C,T,0.01,0.8427138,0.2895635,-606.4927,3.723893,0.003775261
3991,MqA_CHR08,"MqA_CHR08:19348881\T,\C",19348881,0,C,T,0.019,-0.6477638,0.2234597,-606.4015,3.267322,0.003914005
4327,MqA_CHR08,"MqA_CHR08:19354703\A,\G",19354703,0,G,A,0.019,0.8530647,0.2966812,-606.1849,3.297302,0.004211353
1573,MqA_CHR08,"MqA_CHR08:19197064\G,\A",19197064,0,A,G,0.061,0.5302053,0.1856433,-606.1689,2.823322,0.004471704
8749,MqA_CHR08,"MqA_CHR08:19593258\A,\G",19593258,0,G,A,0.192,0.3479015,0.1227372,-606.2876,2.817301,0.004778934
8640,MqA_CHR08,"MqA_CHR08:19590546\G,\A",19590546,0,A,G,0.667,0.3178599,0.1134487,-606.0944,3.05507,0.005283078
8710,MqA_CHR08,"MqA_CHR08:19592605\G,\A",19592605,0,A,G,0.211,0.3398399,0.1213455,-606.2233,2.900159,0.005302398
1715,MqA_CHR08,"MqA_CHR08:19201917\G,\A",19201917,0,A,G,0.021,0.772836,0.2778934,-606.3371,3.354904,0.00562702
1586,MqA_CHR08,"MqA_CHR08:19197775\T,\C",19197775,0,C,T,0.021,0.772836,0.2778934,-606.3371,3.354904,0.00562702
1648,MqA_CHR08,"MqA_CHR08:19200279\C,\T",19200279,0,T,C,0.021,0.772836,0.2778934,-606.3371,3.354904,0.00562702
1684,MqA_CHR08,"MqA_CHR08:19201118\A,\G",19201118,0,G,A,0.021,0.772836,0.2778934,-606.3371,3.354904,0.00562702
1718,MqA_CHR08,"MqA_CHR08:19201957\G,\C",19201957,0,C,G,0.021,0.772836,0.2778934,-606.3371,3.354904,0.00562702
8916,MqA_CHR08,"MqA_CHR08:19597457\G,\A",19597457,0,A,G,0.023,-0.585256,0.211254,-606.691,3.124084,0.005811585
5331,MqA_CHR08,"MqA_CHR08:19510608\G,\T",19510608,0,T,G,0.234,-0.3258127,0.1176558,-606.4543,2.640914,0.005832484
4429,MqA_CHR08,"MqA_CHR08:19355524\G,\A",19355524,0,A,G,0.075,0.4956921,0.1795308,-606.3858,3.087541,0.00597789
8827,MqA_CHR08,"MqA_CHR08:19595116\T,\C",19595116,0,C,T,0.249,0.2919823,0.1068198,-606.489,2.799355,0.006494928
8716,MqA_CHR08,"MqA_CHR08:19592782\T,\C",19592782,0,C,T,0.212,0.3246855,0.1217545,-606.6046,2.852454,0.007912783
92,MqA_CHR08,"MqA_CHR08:19151753\A,\T",19151753,0,T,A,0.053,-0.3982974,0.1495782,-606.9417,3.279588,0.008004161
7676,MqA_CHR08,"MqA_CHR08:19564301\G,\A",19564301,0,A,G,0.839,0.3702748,0.1392458,-606.4848,3.117453,0.008090338
2932,MqA_CHR08,"MqA_CHR08:19243328\C,\A",19243328,0,A,C,0.043,0.4042189,0.1522954,-607.0774,2.888524,0.008208694
2584,MqA_CHR08,"MqA_CHR08:19221809\G,\A",19221809,0,A,G,0.014,0.8049019,0.3036904,-606.9249,3.190886,0.008299633
1619,MqA_CHR08,"MqA_CHR08:19199673\G,\T",19199673,0,T,G,0.027,-0.6595416,0.2525066,-606.8242,3.389661,0.009278246
4102,MqA_CHR08,"MqA_CHR08:19349426\A,\G",19349426,0,G,A,0.932,-0.3913366,0.1505801,-606.9702,3.342929,0.009635237
1371,MqA_CHR08,"MqA_CHR08:19189631\G,\A",19189631,0,A,G,0.051,-0.4300769,0.166082,-607.2408,2.516183,0.009896176
8729,MqA_CHR08,"MqA_CHR08:19593045\A,\G",19593045,0,G,A,0.211,0.3182775,0.1229528,-606.8034,2.853556,0.009922604
8735,MqA_CHR08,"MqA_CHR08:19593095\C,\T",19593095,0,T,C,0.211,0.3182775,0.1229528,-606.8034,2.853556,0.009922604
8737,MqA_CHR08,"MqA_CHR08:19593106\G,\A",19593106,0,A,G,0.211,0.3182775,0.1229528,-606.8034,2.853556,0.009922604
8738,MqA_CHR08,"MqA_CHR08:19593119\A,\C",19593119,0,C,A,0.211,0.3182775,0.1229528,-606.8034,2.853556,0.009922604
8756,MqA_CHR08,"MqA_CHR08:19593354\T,\C",19593354,0,C,T,0.192,0.3219409,0.1252286,-606.974,2.828039,0.0104397
8758,MqA_CHR08,"MqA_CHR08:19593368\G,\C",19593368,0,C,G,0.193,0.316109,0.1253883,-607.0873,2.833321,0.01201706
185,MqA_CHR08,"MqA_CHR08:19154494\G,\A",19154494,0,A,G,0.052,-0.3821556,0.1516622,-607.3023,3.298244,0.01205959
183,MqA_CHR08,"MqA_CHR08:19154449\G,\A",19154449,0,A,G,0.052,-0.3821556,0.1516622,-607.3023,3.298244,0.01205959
7679,MqA_CHR08,"MqA_CHR08:19564332\C,\A",19564332,0,A,C,0.865,0.3640011,0.1445965,-606.8771,3.155297,0.01214177
1369,MqA_CHR08,"MqA_CHR08:19189628\A,\G",19189628,0,G,A,0.06,-0.3747889,0.1491695,-607.4326,2.563049,0.01230794
8726,MqA_CHR08,"MqA_CHR08:19592943\C,\T",19592943,0,T,C,0.212,0.3021416,0.1202608,-607.0107,2.841725,0.0123119
3351,MqA_CHR08,"MqA_CHR08:19336716\A,\C",19336716,0,C,A,0.586,0.264395,0.1054355,-607.4183,2.823371,0.01247613
8850,MqA_CHR08,"MqA_CHR08:19595654\T,\G",19595654,0,G,T,0.209,0.3032276,0.1209902,-607.0502,2.790467,0.01252609
8904,MqA_CHR08,"MqA_CHR08:19596988\C,\T",19596988,0,T,C,0.012,-0.6812542,0.2719866,-607.489,3.115992,0.01257796
1697,MqA_CHR08,"MqA_CHR08:19201353\G,\A",19201353,0,A,G,0.022,0.6544206,0.2612961,-607.1014,3.242561,0.01258559
8848,MqA_CHR08,"MqA_CHR08:19595629\C,\T",19595629,0,T,C,0.017,-0.5933295,0.2379334,-607.4154,3.200433,0.01297136
8819,MqA_CHR08,"MqA_CHR08:19595029\T,\C",19595029,0,C,T,0.017,-0.5933295,0.2379334,-607.4154,3.200433,0.01297136
8826,MqA_CHR08,"MqA_CHR08:19595093\G,\C",19595093,0,C,G,0.017,-0.5933295,0.2379334,-607.4154,3.200433,0.01297136
8852,MqA_CHR08,"MqA_CHR08:19595738\C,\T",19595738,0,T,C,0.017,-0.5933295,0.2379334,-607.4154,3.200433,0.01297136
3791,MqA_CHR08,"MqA_CHR08:19347510\T,\C",19347510,0,C,T,0.922,-0.3443765,0.1385759,-607.2902,3.373346,0.01328369
1169,MqA_CHR08,"MqA_CHR08:19180480\T,\G",19180480,0,G,T,0.935,-0.405462,0.163388,-607.1985,3.256941,0.01341397
2625,MqA_CHR08,"MqA_CHR08:19223982\A,\G",19223982,0,G,A,0.339,-0.2354407,0.09493775,-607.5127,3.018977,0.01347511
3856,MqA_CHR08,"MqA_CHR08:19348083\G,\A",19348083,0,A,G,0.935,-0.3907062,0.1582179,-607.2816,3.39188,0.01387312
4581,MqA_CHR08,"MqA_CHR08:19357218\G,\T",19357218,0,T,G,0.051,0.6718652,0.2725707,-606.9066,3.384694,0.01404626
4627,MqA_CHR08,"MqA_CHR08:19357593\G,\A",19357593,0,A,G,0.054,0.6683433,0.2716547,-606.8942,3.367835,0.01422737
4468,MqA_CHR08,"MqA_CHR08:19356119\T,\C",19356119,0,C,T,0.052,0.6537601,0.2661945,-606.9388,3.25087,0.01439736
3327,MqA_CHR08,"MqA_CHR08:19336632\G,\A",19336632,0,A,G,0.112,0.3117013,0.1271961,-607.3888,3.112116,0.0146121
1926,MqA_CHR08,"MqA_CHR08:19207946\T,\C",19207946,0,C,T,0.175,0.2739532,0.1120705,-607.348,2.748154,0.01485775
3158,MqA_CHR08,"MqA_CHR08:19292448\T,\C",19292448,0,C,T,0.024,0.4929337,0.2018328,-607.5959,3.297181,0.01494693
3308,MqA_CHR08,"MqA_CHR08:19335722\C,\T",19335722,0,T,C,0.012,0.6705792,0.2752063,-607.6559,3.520965,0.01517938
