Sample Number,Well Location,plate,Sample Name,BOX,ROW,COLUMN,Concentration ng/ul
1,A01,1,868442,1,1,A,8.46
2,B01,1,861838,1,1,B,10.41
3,C01,1,NSW_1080769,1,1,C,7.08
4,D01,1,NSW_1080771,1,1,D,4.08
5,E01,1,NSW_1080763,1,1,E,1.99
6,F01,1,NSW_1080778,1,1,F,10.91
7,G01,1,NSW_1080765,1,1,G,13.27
8,H01,1,NSW_1080773,1,1,H,10.81
9,A02,1,NSW_1080775,1,1,I,9.81
10,B02,1,NSW_1080782,1,1,J,10.76
11,C02,1,NSW_1080781,1,2,A,12.77
12,D02,1,NSW_1080768,1,2,B,6.05
13,E02,1,NSW_1080770,1,2,C,3.18
14,F02,1,NSW_1080774,1,2,D,10.77
15,G02,1,NSW_1080776,1,2,E,3.2
16,H02,1,NSW_1078662,1,2,F,4.33
17,A03,1,NSW_1078647,1,2,G,1.88
18,B03,1,NSW_1071143,1,2,H,2.62
19,C03,1,NSW_1078637,1,2,I,8.69
20,D03,1,NSW_1071080,1,2,J,4.34
21,E03,1,NSW_1078642,1,3,A,6.39
22,F03,1,NSW_1074398,1,3,B,8.19
23,G03,1,NSW_1080762,1,3,C,4.23
24,H03,1,NSW_1078660,1,3,D,1.51
25,A04,1,NSW_1079654,1,3,E,7.47
26,B04,1,NSW_1079721,1,3,F,12.14
27,C04,1,NSW_1079739,1,3,G,10.29
28,D04,1,NSW_1079778,1,3,H,9.01
29,E04,1,NSW_1079753,1,3,I,7.57
30,F04,1,NSW_1079748,1,3,J,21.96
31,G04,1,NSW_1079798,1,4,A,5.96
32,H04,1,NSW_1074458,1,4,B,2.02
33,A05,1,NSW_1079708,1,4,C,0.72
34,B05,1,NSW_1079697,1,4,D,22.53
35,C05,1,NSW_1079730,1,4,E,13.02
36,D05,1,NSW_1079720,1,4,F,18.87
37,E05,1,NSW_1079711,1,4,G,12.63
38,F05,1,NSW_1079752,1,4,H,9.58
39,G05,1,NSW_1079788,1,4,I,10.83
40,H05,1,NSW_1079799,1,4,J,5.22
41,A06,1,NSW_1079734,1,5,A,16.48
42,B06,1,NSW_1079803,1,5,B,3.81
43,C06,1,NSW_1079814,1,5,C,8.68
44,D06,1,NSW_1079703,1,5,D,8.55
45,E06,1,NSW_1079744,1,5,E,16.71
46,F06,1,NSW_1079706,1,5,F,0.77
47,G06,1,NSW_1079747,1,5,G,8.21
48,H06,1,NSW_1079709,1,5,H,1.46
49,A07,1,NSW_1079745,1,5,I,7.05
50,B07,1,NSW_1079696,1,5,J,5.09
51,C07,1,NSW_1079727,1,6,A,12.28
52,D07,1,NSW_1074453,1,6,B,3.67
53,E07,1,NSW_1079729,1,6,C,19.89
54,F07,1,NSW_1079713,1,6,D,9.14
55,G07,1,NSW_1079783,1,6,E,7.14
56,H07,1,NSW_1079672,1,6,F,13.62
57,A08,1,NSW_1074324,1,6,G,5.12
58,B08,1,NSW_1079732,1,6,H,37.1
59,C08,1,NSW_1079741,1,6,I,11.29
60,D08,1,NSW_1079731,1,6,J,45.49
61,E08,1,NSW_1079735,1,7,A,13.61
62,F08,1,NSW_1079765,1,7,B,10.04
63,G08,1,NSW_1079762,1,7,C,9.99
64,H08,1,NSW_1079715,1,7,D,9.93
65,A09,1,NSW_1079737,1,7,E,19.62
66,B09,1,NSW_1078654,1,7,F,7
67,C09,1,NSW_1078657,1,7,G,3.64
68,D09,1,NSW_1078658,1,7,H,10.02
69,E09,1,NSW_1080759,1,7,I,10.33
70,F09,1,NSW_1080779,1,7,J,6.98
71,G09,1,NSW_1080784,1,8,A,5.18
72,H09,1,NSW_1080764,1,8,B,6.06
73,A10,1,NSW_1078651,1,8,C,1.84
74,B10,1,NSW_1071128,1,8,D,5.53
75,C10,1,NSW_1071090,1,8,E,7.71
76,D10,1,NSW_1078636,1,8,F,2.85
77,E10,1,NSW_1078653,1,8,G,3.71
78,F10,1,NSW_1071133,1,8,H,9.32
79,G10,1,NSW_1080786,1,8,I,4.3
80,H10,1,NSW_1080785,1,8,J,1.05
81,A11,1,NSW_1080766,1,9,A,4.96
82,B11,1,NSW_1071070,1,9,B,7.59
83,C11,1,NSW_1074329,1,9,C,12.98
84,D11,1,NSW_1080787,1,9,D,3.37
85,E11,1,NSW_1074318,1,9,E,11.18
86,F11,1,NSW_1071138,1,9,F,5.61
87,G11,1,NSW_1078641,1,9,G,8.64
88,H11,1,NSW_1079718,1,9,H,28.05
89,A12,1,NSW_1079714,1,9,I,28.56
90,B12,1,NSW_1079701,1,9,J,17.81
91,C12,1,NSW_1079760,1,10,A,29.68
92,D12,1,NSW_1079755,1,10,B,11.31
93,E12,1,NSW_1079794,1,10,C,18.89
94,F12,1,NSW_1079750,1,10,D,8.04
95,G12,1,NSW_1079819,1,10,E,11.66
96,H12,1,NSW_1079784,1,10,F,15.84
97,A01,2,NSW_1079722,1,10,G,40.56
98,B01,2,NSW_1079677,1,10,H,44.82
99,C01,2,NSW_1079682,1,10,I,14.87
100,D01,2,NSW_1079681,1,10,J,6.22
101,E01,2,NSW_1079717,2,1,A,8.59
102,F01,2,NSW_1079723,2,1,B,11.08
103,G01,2,NSW_1079724,2,1,C,46.44
104,H01,2,NSW_1079740,2,1,D,40.69
105,A02,2,NSW_1079716,2,1,E,12.42
106,B02,2,NSW_1079733,2,1,F,37.12
107,C02,2,NSW_1079719,2,1,G,30.14
108,D02,2,NSW_1079767,2,1,H,37.51
109,E02,2,NSW_1079691,2,1,I,52.93
110,F02,2,NSW_1079766,2,1,J,36.59
111,G02,2,NSW_1079813,2,2,A,45.51
112,H02,2,NSW_1079818,2,2,B,28.16
113,A03,2,NSW_1079774,2,2,C,7.91
114,B03,2,NSW_1079746,2,2,D,13.58
115,C03,2,NSW_1079710,2,2,E,10.71
116,D03,2,NSW_1079725,2,2,F,9.47
117,E03,2,NSW_1079728,2,2,G,10.8
118,F03,2,NSW_1071110,2,2,H,14.09
119,G03,2,NSW_1080761,2,2,I,13.03
120,H03,2,NSW_1080758,2,2,J,8.26
121,A04,2,NSW_1080780,2,3,A,7.85
122,B04,2,NSW_1071148,2,3,B,14.76
123,C04,2,NSW_1080767,2,3,C,11.47
124,D04,2,NSW_1080772,2,3,D,10.21
125,E04,2,NSW_1078645,2,3,E,8.37
126,F04,2,NSW_1071075,2,3,F,8.46
127,G04,2,NSW_1071123,2,3,G,12.41
128,H04,2,NSW_1078656,2,3,H,7.95
129,A05,2,NSW_1078713,2,3,I,1.98
130,B05,2,NSW_1078652,2,3,J,10.35
131,C05,2,NSW_1078640,2,4,A,3.33
132,D05,2,NSW_1078646,2,4,B,12.29
133,E05,2,NSW_1080777,2,4,C,6.03
134,F05,2,NSW_1071115,2,4,D,17.55
135,G05,2,NSW_1074339,2,4,E,6.84
136,H05,2,NSW_1071118,2,4,F,10.8
137,A06,2,NSW_1071113,2,4,G,7.37
138,B06,2,NSW_1074334,2,4,H,8.65
139,C06,2,NSW_1079756,2,4,I,21
140,D06,2,NSW_1079751,2,4,J,23.68
141,E06,2,NSW_1079773,2,5,A,22
142,F06,2,NSW_1079804,2,5,B,13.2
143,G06,2,NSW_1079687,2,5,C,6.51
144,H06,2,NSW_1079692,2,5,D,3.85
145,A07,2,NSW_1079671,2,5,E,3.07
146,B07,2,NSW_1079768,2,5,F,27.08
147,C07,2,NSW_1079736,2,5,G,15.72
148,D07,2,NSW_1079705,2,5,H,14.44
149,E07,2,NSW_1079738,2,5,I,21.26
150,F07,2,NSW_1079726,2,5,J,13.85
151,G07,2,NSW_1079772,2,6,A,12.87
152,H07,2,NSW_1079809,2,6,B,11.36
153,A08,2,NSW_1079821,2,6,C,14.42
154,B08,2,NSW_1079686,2,6,D,23.22
155,C08,2,NSW_1074433,2,6,E,17.8
156,D08,2,NSW_1079680,2,6,F,5.46
157,E08,2,NSW_1079670,2,6,G,11.75
158,F08,2,NSW_1074429,2,6,H,26.74
159,G08,2,NSW_1079789,2,6,I,11.02
160,H08,2,NSW_1079707,2,6,J,3.33
161,A09,2,NSW_1079758,2,7,A,10.35
162,B09,2,NSW_1074428,2,7,B,8.34
163,C09,2,NSW_1079808,2,7,C,32.65
164,D09,2,NSW_1079793,2,7,D,9.44
165,E09,2,NSW_1079712,2,7,E,4.91
166,F09,2,NSW_1079675,2,7,F,7.39
167,G09,2,NSW_1079743,2,7,G,24.78
168,H09,2,NSW_1079653,2,7,H,21.96
169,A10,2,NSW_1074423,2,7,I,1.81
170,B10,2,NSW_1079702,2,7,J,3.76
171,C10,2,NSW_1079658,2,8,A,18.37
172,D10,2,NSW_1079763,2,8,B,11.36
173,E10,2,NSW_1079779,2,8,C,32.95
174,F10,2,NSW_1079761,2,8,D,31.28
175,G10,2,NSW_1075713,2,8,E,14.23
176,H10,2,NSW_1075709,2,8,F,16.64
177,A11,2,NSW_1075705,2,8,G,7.84
178,B11,2,NSW_1075706,2,8,H,16.92
179,C11,2,NSW_1075712,2,8,I,15.25
180,D11,2,NSW_1075711,2,8,J,18.61
181,E11,2,NSW_1075704,2,9,A,16.63
182,F11,2,NSW_1075707,2,9,B,14.01
183,G11,2,NSW_1075710,2,9,C,11.59
184,H11,2,NSW_1075708,2,9,D,8.45
185,A12,2,NSW_1075721,2,9,E,5.14
186,B12,2,NSW_1075723,2,9,F,14.62
187,C12,2,NSW_1075722,2,9,G,10.99
188,D12,2,NSW_1075720,2,9,H,13.24
189,E12,2,NSW_1075719,2,9,I,20.52
190,F12,2,NSW_1075718,2,9,J,25.32
191,G12,2,285,2,10,A,2.58
192,H12,2,1689,2,10,B,10.23
193,A01,3,1899,2,10,C,9.18
194,B01,3,2395,2,10,D,11.51
195,C01,3,2271,2,10,E,8.82
196,D01,3,989,2,10,F,6.18
197,E01,3,2351,2,10,G,7.13
198,F01,3,1825,2,10,H,7.71
199,G01,3,89,2,10,I,10.32
200,H01,3,2010,2,10,J,7.35
201,A02,3,737,3,1,A,10.31
202,B02,3,1404,3,1,B,6.95
203,C02,3,572,3,1,C,8.39
204,D02,3,1639,3,1,D,10.95
205,E02,3,381,3,1,E,10.49
206,F02,3,1324,3,1,F,12.91
207,G02,3,197,3,1,G,11.72
208,H02,3,1317,3,1,H,4.94
209,A03,3,797,3,1,I,5.93
210,B03,3,1817,3,1,J,7.78
211,C03,3,564,3,2,A,4.27
212,D03,3,2145,3,2,B,3.83
213,E03,3,1810,3,2,C,6.62
214,F03,3,2201,3,2,D,5.5
215,G03,3,2073,3,2,E,6.24
216,H03,3,2193,3,2,F,7.67
217,A04,3,874,3,2,G,16.41
218,B04,3,1936,3,2,H,9.16
219,C04,3,171,3,2,I,6.89
220,D04,3,769,3,2,J,5.35
221,E04,3,1677,3,3,A,6.85
222,F04,3,415,3,3,B,6.54
223,G04,3,106,3,3,C,5.53
224,H04,3,2104,3,3,D,6.33
225,A05,3,477,3,3,E,9.58
226,B05,3,1779,3,3,F,5.94
227,C05,3,1052,3,3,G,8.92
228,D05,3,269,3,3,H,7.42
229,E05,3,1223,3,3,I,4.14
230,F05,3,2212,3,3,J,6.75
231,G05,3,1045,3,4,A,5.93
232,H05,3,652,3,4,B,4.01
233,A06,3,437,3,4,C,7.18
234,B06,3,2135,3,4,D,6.02
235,C06,3,1441,3,4,E,5.19
236,D06,3,1573,3,4,F,5.78
237,E06,3,394,3,4,G,8.53
238,F06,3,1818,3,4,H,6.09
239,G06,3,398,3,4,I,4
240,H06,3,1518,3,4,J,6.51
241,A07,3,869,3,5,A,7.82
242,B07,3,1900,3,5,B,5.82
243,C07,3,732,3,5,C,4.56
244,D07,3,1874,3,5,D,5.61
245,E07,3,102,3,5,E,7.05
246,F07,3,1305,3,5,F,4.97
247,G07,3,1749,3,5,G,8.65
248,H07,3,905,3,5,H,5.94
249,A08,3,148,3,5,I,6.83
250,B08,3,1841,3,5,J,6.08
251,C08,3,150,3,6,A,8.06
252,D08,3,248,3,6,B,3.83
253,E08,3,1813,3,6,C,7.11
254,F08,3,1161,3,6,D,5.97
255,G08,3,597,3,6,E,5.39
256,H08,3,1837,3,6,F,11.27
257,A09,3,550,3,6,G,11.85
258,B09,3,108,3,6,H,8.16
259,C09,3,2302,3,6,I,4.85
260,D09,3,231,3,6,J,6.72
261,E09,3,451,3,7,A,5.22
262,F09,3,1877,3,7,B,3.79
263,G09,3,183,3,7,C,4.31
264,H09,3,2014,3,7,D,5.38
265,A10,3,499,3,7,E,5.25
266,B10,3,2015,3,7,F,5.51
267,C10,3,1973,3,7,G,10.25
268,D10,3,2375,3,7,H,5.41
269,E10,3,2105,3,7,I,5.58
270,F10,3,809,3,7,J,6.37
271,G10,3,1124,3,8,A,4.09
272,H10,3,1496,3,8,B,5.9
273,A11,3,2232,3,8,C,7.8
274,B11,3,868,3,8,D,8.28
275,C11,3,1452,3,8,E,6.44
276,D11,3,382,3,8,F,6.95
277,E11,3,2203,3,8,G,5.98
278,F11,3,1431,3,8,H,5.87
279,G11,3,81,3,8,I,11.01
280,H11,3,2115,3,8,J,7.41
281,A12,3,2299,3,9,A,6.13
282,B12,3,704,3,9,B,6.1
283,C12,3,716,3,9,C,5.94
284,D12,3,165,3,9,D,3.89
285,E12,3,137,3,9,E,12.33
286,F12,3,829,3,9,F,6.16
287,G12,3,1082,3,9,G,7.08
288,H12,3,2307,3,9,H,6.05
289,A01,4,2358,3,9,I,10.72
290,B01,4,2214,3,9,J,8.31
291,C01,4,1969,3,10,A,9.41
292,D01,4,1437,3,10,B,10.24
293,E01,4,1952,3,10,C,9.25
294,F01,4,1653,3,10,D,8.84
295,G01,4,1472,3,10,E,5.34
296,H01,4,1584,3,10,F,7.42
297,A02,4,1159,3,10,G,8.33
298,B02,4,2226,3,10,H,9.42
299,C02,4,1839,3,10,I,12.44
300,D02,4,9,3,10,J,8.7
301,E02,4,2103,4,1,A,8.87
302,F02,4,1057,4,1,B,9.39
303,G02,4,1619,4,1,C,6.62
304,H02,4,198,4,1,D,10.41
305,A03,4,525,4,1,E,7.08
306,B03,4,838,4,1,F,6.88
307,C03,4,2192,4,1,G,5.94
308,D03,4,552,4,1,H,4.16
309,E03,4,402,4,1,I,7.69
310,F03,4,129,4,1,J,5.84
311,G03,4,1007,4,2,A,10.44
312,H03,4,1407,4,2,B,4.28
313,A04,4,4,4,2,C,8.87
314,B04,4,529,4,2,D,8.02
315,C04,4,1132,4,2,E,7.15
316,D04,4,1488,4,2,F,5.99
317,E04,4,294,4,2,G,7.9
318,F04,4,1423,4,2,H,8.67
319,G04,4,1130,4,2,I,7.93
320,H04,4,140,4,2,J,8.06
321,A05,4,66,4,3,A,8.39
322,B05,4,1315,4,3,B,8.88
323,C05,4,1383,4,3,C,12.95
324,D05,4,242,4,3,D,8.22
325,E05,4,1637,4,3,E,6.58
326,F05,4,272,4,3,F,6.63
327,G05,4,1513,4,3,G,8.04
328,H05,4,1442,4,3,H,5.73
329,A06,4,1430,4,3,I,6.5
330,B06,4,389,4,3,J,8.72
331,C06,4,1649,4,4,A,5.77
332,D06,4,1127,4,4,B,10.16
333,E06,4,130,4,4,C,11.49
334,F06,4,927,4,4,D,4.08
335,G06,4,2099,4,4,E,8.56
336,H06,4,2370,4,4,F,8.01
337,A07,4,2319,4,4,G,9.24
338,B07,4,1683,4,4,H,9.31
339,C07,4,1621,4,4,I,4.95
340,D07,4,701,4,4,J,7.24
341,E07,4,304,4,5,A,4.23
342,F07,4,1549,4,5,B,7.99
343,G07,4,1599,4,5,C,5.23
344,H07,4,471,4,5,D,5.54
345,A08,4,1054,4,5,E,5.69
346,B08,4,2228,4,5,F,6.96
347,C08,4,325,4,5,G,5.53
348,D08,4,6,4,5,H,9.52
349,E08,4,2107,4,5,I,7.68
350,F08,4,2116,4,5,J,9.94
351,G08,4,109,4,6,A,10.55
352,H08,4,449,4,6,B,9.54
353,A09,4,831,4,6,C,11.93
354,B09,4,298,4,6,D,13.4
355,C09,4,2323,4,6,E,10.89
356,D09,4,699,4,6,F,10.89
357,E09,4,1742,4,6,G,12.99
358,F09,4,421,4,6,H,11.66
359,G09,4,1736,4,6,I,3.73
360,H09,4,2187,4,6,J,8.03
361,A10,4,1631,4,7,A,7.26
362,B10,4,473,4,7,B,4.84
363,C10,4,2140,4,7,C,6.98
364,D10,4,28,4,7,D,6.68
365,E10,4,881,4,7,E,7.03
366,F10,4,1343,4,7,F,9.76
367,G10,4,1699,4,7,G,6.85
368,H10,4,261,4,7,H,7.05
369,A11,4,1723,4,7,I,8.18
370,B11,4,984,4,7,J,7.16
371,C11,4,2037,4,8,A,8.25
372,D11,4,1328,4,8,B,5.01
373,E11,4,1629,4,8,C,4.76
374,F11,4,1865,4,8,D,8.4
375,G11,4,1643,4,8,E,6.15
376,H11,4,1728,4,8,F,5.51
377,A12,4,1237,4,8,G,8.68
378,B12,4,1623,4,8,H,10.54
379,C12,4,209,4,8,I,9.26
380,D12,4,1031,4,8,J,8.7
381,E12,4,496,4,9,A,12.59
382,F12,4,494,4,9,B,9.13
383,G12,4,2155,4,9,C,10.84
384,H12,4,1162,4,9,D,4.37
385,A01,5,419,4,9,E,7.12
386,B01,5,190,4,9,F,6.83
387,C01,5,14,4,9,G,6.53
388,D01,5,983,4,9,H,8.24
389,E01,5,2200,4,9,I,9.64
390,F01,5,653,4,9,J,4.86
391,G01,5,27,4,10,A,6.47
392,H01,5,337,4,10,B,10.64
393,A02,5,679,4,10,C,6.57
394,B02,5,522,4,10,D,8.67
395,C02,5,1160,4,10,E,6.56
396,D02,5,212,4,10,F,5.86
397,E02,5,1030,4,10,G,9.08
398,F02,5,83,4,10,H,7.66
399,G02,5,1935,4,10,I,4.43
400,H02,5,107,4,10,J,9.62
401,A03,5,2089,5,1,A,5.87
402,B03,5,1521,5,1,B,7.41
403,C03,5,147,5,1,C,6.46
404,D03,5,1278,5,1,D,3.68
405,E03,5,1945,5,1,E,5.46
406,F03,5,2005,5,1,F,10.57
407,G03,5,1053,5,1,G,5.43
408,H03,5,1177,5,1,H,6.86
409,A04,5,331,5,1,I,7.94
410,B04,5,1620,5,1,J,8.22
411,C04,5,169,5,2,A,9.01
412,D04,5,2025,5,2,B,11.24
413,E04,5,1022,5,2,C,7.69
414,F04,5,1727,5,2,D,11.99
415,G04,5,487,5,2,E,12.02
416,H04,5,1036,5,2,F,13.67
417,A05,5,658,5,2,G,8.77
418,B05,5,1845,5,2,H,6.74
419,C05,5,2126,5,2,I,5.27
420,D05,5,1323,5,2,J,6.52
421,E05,5,1822,5,3,A,8.17
422,F05,5,1075,5,3,B,6.54
423,G05,5,738,5,3,C,7.09
424,H05,5,824,5,3,D,5.38
425,A06,5,132,5,3,E,6.49
426,B06,5,962,5,3,F,7.6
427,C06,5,501,5,3,G,4.89
428,D06,5,1542,5,3,H,5.9
429,E06,5,255,5,3,I,5.59
430,F06,5,695,5,3,J,6.02
431,G06,5,1528,5,4,A,5.19
432,H06,5,765,5,4,B,8.52
433,A07,5,1855,5,4,C,9.76
434,B07,5,711,5,4,D,7.72
435,C07,5,1856,5,4,E,9.37
436,D07,5,1561,5,4,F,7.68
437,E07,5,1203,5,4,G,9.45
438,F07,5,1921,5,4,H,6.26
439,G07,5,993,5,4,I,4.28
440,H07,5,2341,5,4,J,4.9
441,A08,5,1835,5,5,A,5
442,B08,5,515,5,5,B,5.56
443,C08,5,1939,5,5,C,2.73
444,D08,5,2139,5,5,D,6.53
445,E08,5,1506,5,5,E,7.13
446,F08,5,177,5,5,F,4.36
447,G08,5,453,5,5,G,3.02
448,H08,5,1464,5,5,H,6.1
449,A09,5,181,5,5,I,6.55
450,B09,5,1950,5,5,J,6.63
451,C09,5,2386,5,6,A,5.04
452,D09,5,533,5,6,B,6.05
453,E09,5,545,5,6,C,9.15
454,F09,5,2031,5,6,D,5.94
455,G09,5,825,5,6,E,4.67
456,H09,5,185,5,6,F,7.32
457,A10,5,373,5,6,G,8.76
458,B10,5,276,5,6,H,5.7
459,C10,5,1753,5,6,I,5.66
460,D10,5,1370,5,6,J,9.07
461,E10,5,885,5,7,A,8.98
462,F10,5,1384,5,7,B,7.49
463,G10,5,188,5,7,C,5.03
464,H10,5,292,5,7,D,6.85
465,A11,5,87,5,7,E,11
466,B11,5,865,5,7,F,8.17
467,C11,5,627,5,7,G,18.53
468,D11,5,1781,5,7,H,9.89
469,E11,5,2318,5,7,I,7.79
470,F11,5,1799,5,7,J,13.36
471,G11,5,357,5,8,A,11.41
472,H11,5,696,5,8,B,11.06
473,A12,5,1257,5,8,C,10.25
474,B12,5,978,5,8,D,9.21
475,C12,5,1134,5,8,E,8.69
476,D12,5,1118,5,8,F,6.68
477,E12,5,151,5,8,G,6.68
478,F12,5,1390,5,8,H,8.49
479,G12,5,297,5,8,I,8.63
480,H12,5,2335,5,8,J,6.35
481,A01,6,879,5,9,A,7.55
482,B01,6,662,5,9,B,7.7
483,C01,6,591,5,9,C,7.81
484,D01,6,2326,5,9,D,9.72
485,E01,6,2124,5,9,E,5.29
486,F01,6,1395,5,9,F,6.21
487,G01,6,528,5,9,G,7.7
488,H01,6,1971,5,9,H,9.68
489,A02,6,1179,5,9,I,6.39
490,B02,6,1467,5,9,J,5.51
491,C02,6,1678,5,10,A,10.2
492,D02,6,706,5,10,B,7.5
493,E02,6,509,5,10,C,6.33
494,F02,6,2225,5,10,D,9.78
495,G02,6,1651,5,10,E,8.03
496,H02,6,2138,5,10,F,6.89
497,A03,6,629,5,10,G,7.26
498,B03,6,1834,5,10,H,4.58
499,C03,6,2296,5,10,I,5.38
500,D03,6,1093,5,10,J,4.79
501,E03,6,1532,6,1,A,3.25
502,F03,6,2038,6,1,B,4.99
503,G03,6,469,6,1,C,4.47
504,H03,6,1210,6,1,D,5.66
505,A04,6,685,6,1,E,3.91
506,B04,6,2157,6,1,F,5.45
507,C04,6,1,6,1,G,7.63
508,D04,6,41,6,1,H,7.86
509,E04,6,1412,6,1,I,8.44
510,F04,6,1405,6,1,J,7.39
511,G04,6,1956,6,2,A,7.96
512,H04,6,758,6,2,B,6.49
513,A05,6,2195,6,2,C,4.8
514,B05,6,674,6,2,D,7.49
515,C05,6,407,6,2,E,8.51
516,D05,6,1374,6,2,F,6.24
517,E05,6,1247,6,2,G,3.21
518,F05,6,2120,6,2,H,6.52
519,G05,6,450,6,2,I,6.17
520,H05,6,712,6,2,J,6.11
521,A06,6,334,6,3,A,7.03
522,B06,6,228,6,3,B,6.43
523,C06,6,1020,6,3,C,9.15
524,D06,6,406,6,3,D,5.68
525,E06,6,1691,6,3,E,5.63
526,F06,6,646,6,3,F,5.4
527,G06,6,1660,6,3,G,6.36
528,H06,6,1010,6,3,H,8.17
529,A07,6,1013,6,3,I,5.13
530,B07,6,1287,6,3,J,5.25
531,C07,6,2387,6,4,A,9.27
532,D07,6,1811,6,4,B,6.51
533,E07,6,565,6,4,C,8.06
534,F07,6,1012,6,4,D,3.96
535,G07,6,844,6,4,E,3.65
536,H07,6,32,6,4,F,4.89
537,A08,6,1831,6,4,G,4.51
538,B08,6,2108,6,4,H,4.75
539,C08,6,2039,6,4,I,7.1
540,D08,6,1828,6,4,J,6.98
541,E08,6,43,6,5,A,7.19
542,F08,6,2285,6,5,B,3.63
543,G08,6,1138,6,5,C,6.55
544,H08,6,344,6,5,D,9.95
545,A09,6,1154,6,5,E,7.43
546,B09,6,154,6,5,F,6.32
547,C09,6,125,6,5,G,6.89
548,D09,6,1289,6,5,H,7.05
549,E09,6,567,6,5,I,8.49
550,F09,6,2397,6,5,J,8.95
551,G09,6,1076,6,6,A,2.87
552,H09,6,1604,6,6,B,8.43
553,A10,6,10,6,6,C,5.86
554,B10,6,63,6,6,D,4.26
555,C10,6,1462,6,6,E,6.35
556,D10,6,1735,6,6,F,4.68
557,E10,6,762,6,6,G,5.64
558,F10,6,856,6,6,H,2.45
559,G10,6,1675,6,6,I,6.36
560,H10,6,397,6,6,J,5.93
561,A11,6,210,6,7,A,8.93
562,B11,6,640,6,7,B,5.93
563,C11,6,328,6,7,C,6.91
564,D11,6,1824,6,7,D,5.51
565,E11,6,656,6,7,E,5.73
566,F11,6,302,6,7,F,11.19
567,G11,6,1308,6,7,G,4.37
568,H11,6,1946,6,7,H,6.56
569,A12,6,1552,6,7,I,5.45
570,B12,6,1871,6,7,J,10.54
571,C12,6,2075,6,8,A,5.58
572,D12,6,141,6,8,B,6.26
573,E12,6,2277,6,8,C,4.14
574,F12,6,159,6,8,D,3.83
575,G12,6,2098,6,8,E,6.42
576,H12,6,274,6,8,F,4.78
577,A01,7,1296,6,8,G,3.79
578,B01,7,1120,6,8,H,6.13
579,C01,7,2360,6,8,I,6.3
580,D01,7,1879,6,8,J,5.72
581,E01,7,2385,6,9,A,5.66
582,F01,7,790,6,9,B,8.12
583,G01,7,99,6,9,C,6.47
584,H01,7,1600,6,9,D,3.25
585,A02,7,1846,6,9,E,4.86
586,B02,7,1009,6,9,F,1.23
587,C02,7,1025,6,9,G,10.41
588,D02,7,1290,6,9,H,6.67
589,E02,7,1614,6,9,I,3.74
590,F02,7,61,6,9,J,8.59
591,G02,7,149,6,10,A,4.35
592,H02,7,1999,6,10,B,3.9
593,A03,7,1164,6,10,C,1.68
594,B03,7,1605,6,10,D,1.25
595,C03,7,2391,6,10,E,0.77
596,D03,7,2324,6,10,F,0.95
597,E03,7,1981,6,10,G,8.47
598,F03,7,1255,6,10,H,7.19
599,G03,7,599,6,10,I,1.03
600,H03,7,1784,6,10,J,4.78
601,A04,7,518,7,1,A,1.75
602,B04,7,544,7,1,B,9.64
603,C04,7,982,7,1,C,6.67
604,D04,7,1820,7,1,D,8.05
605,E04,7,987,7,1,E,7.1
606,F04,7,379,7,1,F,1.27
607,G04,7,1256,7,1,G,5.65
608,H04,7,1849,7,1,H,5.96
609,A05,7,1827,7,1,I,3.2
610,B05,7,429,7,1,J,0.92
611,C05,7,1129,7,2,A,4.05
612,D05,7,519,7,2,B,1.03
613,E05,7,1294,7,2,C,5.22
614,F05,7,127,7,2,D,0.56
615,G05,7,717,7,2,E,4.33
616,H05,7,1627,7,2,F,4.03
617,A06,7,1609,7,2,G,4.58
618,B06,7,2290,7,2,H,6.25
619,C06,7,1409,7,2,I,6.7
620,D06,7,559,7,2,J,3.26
621,E06,7,187,7,3,A,4.1
622,F06,7,1632,7,3,B,3.93
623,G06,7,507,7,3,C,6.94
624,H06,7,1415,7,3,D,3.39
625,A07,7,497,7,3,E,3.86
626,B07,7,542,7,3,F,4.79
627,C07,7,2197,7,3,G,5.02
628,D07,7,2051,7,3,H,3.72
629,E07,7,1493,7,3,I,4.32
630,F07,7,1215,7,3,J,5.79
631,G07,7,2068,7,4,A,5.2
632,H07,7,805,7,4,B,5.62
633,A08,7,500,7,4,C,4.11
634,B08,7,1484,7,4,D,5.53
635,C08,7,988,7,4,E,4.17
636,D08,7,718,7,4,F,6.48
637,E08,7,1309,7,4,G,5.4
638,F08,7,1019,7,4,H,3.9
639,G08,7,1189,7,4,I,4.31
640,H08,7,882,7,4,J,4.85
641,A09,7,1876,7,5,A,3.75
642,B09,7,2065,7,5,B,4.18
643,C09,7,2043,7,5,C,3.34
644,D09,7,986,7,5,D,6.66
645,E09,7,1830,7,5,E,6.34
646,F09,7,380,7,5,F,5.22
647,G09,7,1544,7,5,G,5.48
648,H09,7,1147,7,5,H,4.51
649,A10,7,973,7,5,I,1.43
650,B10,7,1284,7,5,J,4.58
651,C10,7,2220,7,6,A,6.4
652,D10,7,2136,7,6,B,5.72
653,E10,7,1432,7,6,C,3.01
654,F10,7,2345,7,6,D,5.62
655,G10,7,1027,7,6,E,4.71
656,H10,7,2101,7,6,F,2.26
657,A11,7,2331,7,6,G,1.56
658,B11,7,1719,7,6,H,4.76
659,C11,7,134,7,6,I,2.35
660,D11,7,94,7,6,J,5.98
661,E11,7,625,7,7,A,2.13
662,F11,7,1489,7,7,B,9.53
663,G11,7,1530,7,7,C,1.89
664,H11,7,1821,7,7,D,5.9
665,A12,7,1718,7,7,E,1.26
666,B12,7,36,7,7,F,3.83
667,C12,7,1334,7,7,G,5.48
668,D12,7,1703,7,7,H,4.4
669,E12,7,2030,7,7,I,3.77
670,F12,7,2363,7,7,J,3.51
671,G12,7,1613,7,8,A,2.8
672,H12,7,193,7,8,B,2.27
673,A01,8,1814,7,8,C,4.41
674,B01,8,530,7,8,D,5.88
675,C01,8,866,7,8,E,2.53
676,D01,8,1795,7,8,F,5.83
677,E01,8,937,7,8,G,4.83
678,F01,8,1647,7,8,H,4.68
679,G01,8,698,7,8,I,5.71
680,H01,8,948,7,8,J,8.09
681,A02,8,1681,7,9,A,6.97
682,B02,8,1006,7,9,B,6.07
683,C02,8,2357,7,9,C,1.84
684,D02,8,259,7,9,D,4.74
685,E02,8,1446,7,9,E,3.63
686,F02,8,2334,7,9,F,4.39
687,G02,8,1920,7,9,G,2.83
688,H02,8,795,7,9,H,3.62
689,A03,8,1048,7,9,I,2.97
690,B03,8,395,7,9,J,4.72
691,C03,8,2111,7,10,A,4.24
692,D03,8,62,7,10,B,3.25
693,E03,8,2190,7,10,C,5.89
694,F03,8,1959,7,10,D,4.43
695,G03,8,133,7,10,E,3.41
696,H03,8,611,7,10,F,1.33
697,A04,8,1373,7,10,G,5.27
698,B04,8,1396,7,10,H,4.1
699,C04,8,163,7,10,I,4.63
700,D04,8,563,7,10,J,5.45
701,E04,8,742,8,1,A,7.29
702,F04,8,1612,8,1,B,4.62
703,G04,8,2018,8,1,C,2.7
704,H04,8,1710,8,1,D,4.63
705,A05,8,534,8,1,E,3.7
706,B05,8,1156,8,1,F,0.72
707,C05,8,1862,8,1,G,4.85
708,D05,8,819,8,1,H,3.08
709,E05,8,155,8,1,I,8.73
710,F05,8,1340,8,1,J,8.33
711,G05,8,1662,8,2,A,6.29
712,H05,8,1570,8,2,B,5.23
713,A06,8,953,8,2,C,1.02
714,B06,8,131,8,2,D,4.79
715,C06,8,2113,8,2,E,4.57
716,D06,8,1963,8,2,F,6.07
717,E06,8,253,8,2,G,7.43
718,F06,8,735,8,2,H,4.1
719,G06,8,832,8,2,I,4.4
720,H06,8,1717,8,2,J,3.95
721,A07,8,523,8,3,A,2.31
722,B07,8,2295,8,3,B,4.57
723,C07,8,514,8,3,C,4.51
724,D07,8,834,8,3,D,3.65
725,E07,8,179,8,3,E,4.97
726,F07,8,8,8,3,F,2.33
727,G07,8,1422,8,3,G,3.9
728,H07,8,1641,8,3,H,2.63
729,A08,8,1720,8,3,I,2.08
730,B08,8,1645,8,3,J,2.4
731,C08,8,1163,8,4,A,0.3
732,D08,8,145,8,4,B,2.09
733,E08,8,1657,8,4,C,1.54
734,F08,8,2301,8,4,D,1.88
735,G08,8,15,8,4,E,0.37
736,H08,8,1217,8,4,F,3.01
737,A09,8,123,8,4,G,3.7
738,B09,8,644,8,4,H,5.95
739,C09,8,2267,8,4,I,2.96
740,D09,8,97,8,4,J,5.13
741,E09,8,2,8,5,A,6.74
742,F09,8,2159,8,5,B,3.46
743,G09,8,45,8,5,C,3.04
744,H09,8,1517,8,5,D,3.77
745,A10,8,283,8,5,E,2.9
746,B10,8,49,8,5,F,2.97
747,C10,8,2321,8,5,G,4.42
748,D10,8,2279,8,5,H,4.97
749,E10,8,645,8,5,I,3.87
750,F10,8,1836,8,5,J,4.88
751,G10,8,361,8,6,A,4.2
752,H10,8,1937,8,6,B,2.04
753,A11,8,1478,8,6,C,4.43
754,B11,8,488,8,6,D,7.05
755,C11,8,1380,8,6,E,4.29
756,D11,8,2131,8,6,F,5.06
757,E11,8,1433,8,6,G,5.57
758,F11,8,1708,8,6,H,3.27
759,G11,8,1778,8,6,I,3.06
760,H11,8,1901,8,6,J,1.27
761,A12,8,1225,8,7,A,3.51
762,B12,8,801,8,7,B,2.67
763,C12,8,2106,8,7,C,2.98
764,D12,8,2381,8,7,D,3.33
765,E12,8,1522,8,7,E,5.31
766,F12,8,1438,8,7,F,6.48
767,G12,8,1535,8,7,G,3.04
768,H12,8,2229,8,7,H,5.13
769,A01,9,68,8,7,I,5.03
770,B01,9,1598,8,7,J,14.46
771,C01,9,2340,8,8,A,3.43
772,D01,9,71,8,8,B,5.6
773,E01,9,1940,8,8,C,15.84
774,F01,9,1547,8,8,D,5.37
775,G01,9,1436,8,8,E,10.32
776,H01,9,1473,8,8,F,0.78
777,A02,9,2308,8,8,G,1.18
778,B02,9,1579,8,8,H,5.39
779,C02,9,1529,8,8,I,6.01
780,D02,9,954,8,8,J,2.83
781,E02,9,635,8,9,A,7.6
782,F02,9,1205,8,9,B,4.53
783,G02,9,2300,8,9,C,7.38
784,H02,9,90,8,9,D,2.96
785,A03,9,649,8,9,E,1.3
786,B03,9,638,8,9,F,4.32
787,C03,9,2032,8,9,G,0.81
788,D03,9,1280,8,9,H,2.73
789,E03,9,1411,8,9,I,0.98
790,F03,9,1732,8,9,J,2.42
791,G03,9,266,8,10,A,3.87
792,H03,9,535,8,10,B,3.77
793,A04,9,57,8,10,C,0.76
794,B04,9,736,8,10,D,1.13
795,C04,9,218,8,10,E,2.88
796,D04,9,1908,8,10,F,3.42
797,E04,9,1873,8,10,G,3.45
798,F04,9,1155,8,10,H,1.51
799,G04,9,475,8,10,I,4.49
800,H04,9,1916,8,10,J,1.13
801,A05,9,1297,9,1,A,2.79
802,B05,9,512,9,1,B,3.54
803,C05,9,2183,9,1,C,4.39
804,D05,9,628,9,1,D,3.33
805,E05,9,2305,9,1,E,2.07
806,F05,9,2218,9,1,F,5.14
807,G05,9,1815,9,1,G,2.49
808,H05,9,195,9,1,H,2.3
809,A06,9,1421,9,1,I,2.14
810,B06,9,387,9,1,J,0.95
811,C06,9,25,9,2,A,0.68
812,D06,9,1444,9,2,B,0.72
813,E06,9,1729,9,2,C,2.95
814,F06,9,98,9,2,D,1.04
815,G06,9,1523,9,2,E,0.74
816,H06,9,2352,9,2,F,0.83
817,A07,9,55,9,2,G,0.78
818,B07,9,1429,9,2,H,0.82
819,C07,9,2158,9,2,I,3.36
820,D07,9,686,9,2,J,4.48
821,E07,9,2215,9,3,A,3.55
822,F07,9,152,9,3,B,3.24
823,G07,9,2393,9,3,C,5.26
824,H07,9,1092,9,3,D,3.55
825,A08,9,1626,9,3,E,2.88
826,B08,9,2306,9,3,F,2.63
827,C08,9,2325,9,3,G,1.24
828,D08,9,136,9,3,H,2.21
829,E08,9,1788,9,3,I,5.4
830,F08,9,1954,9,3,J,5.34
831,G08,9,1016,9,4,A,0.55
832,H08,9,2315,9,4,B,0.39
833,A09,9,1726,9,4,C,10.15
834,B09,9,1867,9,4,D,2.25
835,C09,9,1302,9,4,E,5.96
836,D09,9,1997,9,4,F,4.68
837,E09,9,659,9,4,G,4.68
838,F09,9,401,9,4,H,4.29
839,G09,9,703,9,4,I,5.7
840,H09,9,1664,9,4,J,3.13
841,A10,9,1566,9,5,A,1.04
842,B10,9,375,9,5,B,3.27
843,C10,9,1777,9,5,C,1.11
844,D10,9,2182,9,5,D,1.1
845,E10,9,1291,9,5,E,6.13
846,F10,9,1111,9,5,F,1.04
847,G10,9,1515,9,5,G,0.51
848,H10,9,2312,9,5,H,0.92
849,A11,9,233,9,5,I,1.22
850,B11,9,734,9,5,J,2.95
851,C11,9,1982,9,6,A,1.23
852,D11,9,648,9,6,B,3.67
853,E11,9,872,9,6,C,1.9
854,F11,9,1734,9,6,D,0.83
855,G11,9,835,9,6,E,1.65
856,H11,9,2199,9,6,F,0.92
857,A12,9,336,9,6,G,3.19
858,B12,9,340,9,6,H,1.2
859,C12,9,1064,9,6,I,1.93
860,D12,9,1285,9,6,J,3.89
861,E12,9,626,9,7,A,8.84
862,F12,9,585,9,7,B,3.32
863,G12,9,442,9,7,C,5.87
864,H12,9,2011,9,7,D,3.35
865,A01,10,1861,9,7,E,2.9
866,B01,10,1479,9,7,F,9.98
867,C01,10,1823,9,7,G,8.29
868,D01,10,2162,9,7,H,8.46
869,E01,10,2076,9,7,I,7.9
870,F01,10,2080,9,7,J,6.58
871,G01,10,113,9,8,A,2.63
872,H01,10,826,9,8,B,8.2
873,A02,10,2149,9,8,C,5.74
874,B02,10,1413,9,8,D,3.71
875,C02,10,2177,9,8,E,13.43
876,D02,10,377,9,8,F,11.89
877,E02,10,1567,9,8,G,10.12
878,F02,10,1800,9,8,H,10.56
879,G02,10,101,9,8,I,11.98
880,H02,10,2130,9,8,J,6.58
881,A03,10,1408,9,9,A,5.56
882,B03,10,2029,9,9,B,5.86
883,C03,10,969,9,9,C,18.03
884,D03,10,517,9,9,D,7.19
885,E03,10,1934,9,9,E,10.82
886,F03,10,861,9,9,F,23.4
887,G03,10,1910,9,9,G,7.5
888,H03,10,229,9,9,H,13.67
889,A04,10,1499,9,9,I,16.61
890,B04,10,1330,9,9,J,15.3
891,C04,10,481,9,10,A,5.49
892,D04,10,339,9,10,B,13.4
893,E04,10,65,9,10,C,16.98
894,F04,10,1125,9,10,D,25.97
895,G04,10,1531,9,10,E,37.11
896,H04,10,289,9,10,F,10.85
897,A05,10,524,9,10,G,5.14
898,B05,10,714,9,10,H,19.47
899,C05,10,2332,9,10,I,18.65
900,D05,10,85,9,10,J,40.5
901,E05,10,189,10,1,A,14.86
902,F05,10,2211,10,1,B,32.88
903,G05,10,256,10,1,C,19.66
904,H05,10,673,10,1,D,3.15
905,A06,10,371,10,1,E,11.55
906,B06,10,932,10,1,F,16.45
907,C06,10,122,10,1,G,19.87
908,D06,10,813,10,1,H,13.7
909,E06,10,1780,10,1,I,15.67
910,F06,10,295,10,1,J,30.84
911,G06,10,2198,10,2,A,19.32
912,H06,10,1747,10,2,B,21.68
913,A07,10,1674,10,2,C,2.22
914,B07,10,837,10,2,D,10.5
915,C07,10,630,10,2,E,11.36
916,D07,10,1001,10,2,F,18.11
917,E07,10,1326,10,2,G,18.51
918,F07,10,2096,10,2,H,5.5
919,G07,10,2362,10,2,I,18.29
920,H07,10,16,10,2,J,26.13
921,A08,10,770,10,3,A,2.05
922,B08,10,772,10,3,B,4.1
923,C08,10,199,10,3,C,9.87
924,D08,10,1140,10,3,D,11.94
925,E08,10,1757,10,3,E,7.38
926,F08,10,385,10,3,F,5.88
927,G08,10,5,10,3,G,4.63
928,H08,10,1443,10,3,H,11.24
929,A09,10,2083,10,3,I,5.94
930,B09,10,1029,10,3,J,14.18
931,C09,10,733,10,4,A,11.34
932,D09,10,2066,10,4,B,11.94
933,E09,10,726,10,4,C,10.47
934,F09,10,961,10,4,D,15.22
935,G09,10,454,10,4,E,11.71
936,H09,10,1202,10,4,F,1.69
937,A10,10,1434,10,4,G,1.5
938,B10,10,1565,10,4,H,7.79
939,C10,10,1004,10,4,I,7.85
940,D10,10,1135,10,4,J,10.28
941,E10,10,2317,10,5,A,7.51
942,F10,10,537,10,5,B,13.36
943,G10,10,1998,10,5,C,13.46
944,H10,10,2233,10,5,D,7.84
945,A11,10,2167,10,5,E,9.22
946,B11,10,2077,10,5,F,17.31
947,C11,10,1393,10,5,G,17.88
948,D11,10,2143,10,5,H,21.06
949,E11,10,2008,10,5,I,4.46
950,F11,10,413,10,5,J,7.17
951,G11,10,631,10,6,A,14.45
952,H11,10,840,10,6,B,3.51
953,A12,10,474,10,6,C,8.4
954,B12,10,1687,10,6,D,9.51
955,C12,10,1603,10,6,E,7.96
956,D12,10,709,10,6,F,10
957,E12,10,764,10,6,G,14.11
958,F12,10,779,10,6,H,7.44
959,G12,10,1213,10,6,I,15.17
960,H12,10,121,10,6,J,2.71
961,A01,11,1021,10,7,A,4.1
962,B01,11,392,10,7,B,5.74
963,C01,11,399,10,7,C,6.75
964,D01,11,1238,10,7,D,8.02
965,E01,11,970,10,7,E,6.08
966,F01,11,2185,10,7,F,5.93
967,G01,11,2144,10,7,G,6.64
968,H01,11,182,10,7,H,4.64
969,A02,11,1524,10,7,I,2.85
970,B02,11,31,10,7,J,7.09
971,C02,11,1377,10,8,A,2.8
972,D02,11,417,10,8,B,3.57
973,E02,11,349,10,8,C,4.3
974,F02,11,992,10,8,D,4.08
975,G02,11,143,10,8,E,5.54
976,H02,11,1243,10,8,F,1.82
977,A03,11,1597,10,8,G,2.39
978,B03,11,2141,10,8,H,3.24
979,C03,11,2153,10,8,I,4.32
980,D03,11,1481,10,8,J,3.88
981,E03,11,2184,10,9,A,5.43
982,F03,11,1551,10,9,B,4.12
983,G03,11,2347,10,9,C,6.36
984,H03,11,479,10,9,D,4.34
985,A04,11,1847,10,9,E,1.78
986,B04,11,1249,10,9,F,2.09
987,C04,11,1961,10,9,G,4.2
988,D04,11,502,10,9,H,6.42
989,E04,11,2311,10,9,I,4.95
990,F04,11,1693,10,9,J,2.9
991,G04,11,1519,10,10,A,4.7
992,H04,11,914,10,10,B,4.97
993,A05,11,886,10,10,C,1.97
994,B05,11,1724,10,10,D,2.45
995,C05,11,493,10,10,E,4.61
996,D05,11,757,10,10,F,0.96
997,E05,11,1859,10,10,G,4.2
998,F05,11,740,10,10,H,4.68
999,G05,11,2383,10,10,I,5.97
1000,H05,11,1564,10,10,J,3.23
