IID,FID,tray,pos,HT1,HT2
1645,NSW_1079774,1,A-1,71,109
1163,NSW_1079726,1,B-1,85,161
1710,NSW_1079784,1,C-1,48,104
2018,NSW_1080766,1,D-1,134,253
1612,NSW_1079772,1,E-1,89,168
936,NSW_1079708,1,A-2,NA,NA
2338,NSW_1075710,1,B-2,NA,NA
1047,NSW_1079718,1,C-2,NA,NA
742,NSW_1079682,1,D-2,38,64
2304,NSW_1075704,1,E-2,NA,NA
1582,NSW_1079766,1,A-3,NA,NA
563,NSW_1078658,1,B-3,57,121
163,NSW_1071143,1,C-3,49,108
1554,NSW_1079763,1,D-3,NA,NA
1371,NSW_1079744,1,E-3,NA,NA
1396,NSW_1079746,1,A-4,34,66
329,NSW_1074329,1,B-4,NA,NA
538,NSW_1078656,1,C-4,NA,NA
1081,NSW_1079721,1,D-4,4,6
923,NSW_1079707,1,E-4,NA,NA
1373,NSW_1079744,1,A-5,40,109
1786,NSW_1079798,1,B-5,NA,NA
897,NSW_1079706,1,C-5,NA,NA
611,NSW_1078713,1,D-5,16,40
133,NSW_1071133,1,E-5,26,76
777,NSW_1079691,1,A-6,NA,NA
1959,NSW_1080762,1,B-6,118,226
2190,NSW_1080780,1,C-6,121,223
62,NSW_1071110,1,D-6,181,270
2111,NSW_1080773,1,E-6,48,110
75,NSW_1071113,1,A-7,NA,NA
73,NSW_1071113,1,B-7,NA,NA
395,NSW_1078637,1,C-7,124,228
1362,NSW_1079743,1,D-7,NA,NA
774,NSW_1079691,1,E-7,12,26
2117,NSW_1080774,1,A-8,NA,NA
1254,NSW_1079733,1,B-8,43,109
1048,NSW_1079718,1,C-8,50,112
2322,NSW_1075709,1,D-8,15,34
304,NSW_1075706,1,E-8,32,40
701,NSW_1079677,1,A-9,96,191
2028,NSW_1080766,1,B-9,NA,NA
2319,NSW_1075709,1,C-9,86,168
343,NSW_1074433,1,D-9,NA,NA
39,NSW_1071090,1,E-9,16,19
1273,NSW_1079735,1,A-10,NA,NA
575,NSW_1078660,1,B-10,NA,NA
1709,NSW_1079784,1,C-10,NA,NA
130,NSW_1071128,1,D-10,120,224
1383,NSW_1079745,1,E-10,109,195
888,NSW_1079705,2,A-1,71,157
1594,NSW_1079767,2,B-1,NA,NA
1063,NSW_1079719,2,C-1,98,212
508,NSW_1078653,2,D-1,171,294
1984,NSW_1080763,2,E-1,NA,NA
1680,NSW_1079779,2,A-2,NA,NA
1782,NSW_1079798,2,B-2,70,157
2171,NSW_1080778,2,C-2,NA,NA
2100,NSW_1080772,2,D-2,134,235
1859,NSW_1079813,2,E-2,40,113
277,NSW_1074398,2,A-3,NA,NA
2140,NSW_1080776,2,B-3,108,225
2191,NSW_1080780,2,C-3,NA,NA
2036,NSW_1080767,2,D-3,NA,NA
1564,NSW_1079765,2,E-3,36,88
2379,NSW_1075705,2,A-4,74,181
2216,NSW_1080782,2,B-4,NA,NA
1425,NSW_1079748,2,C-4,NA,NA
1457,NSW_1079752,2,D-4,NA,NA
1148,NSW_1079725,2,E-4,NA,NA
589,NSW_1078662,2,A-5,NA,NA
2006,NSW_1080765,2,B-5,75,169
1829,NSW_1079808,2,C-5,NA,NA
1721,NSW_1079788,2,D-5,NA,NA
1277,NSW_1079735,2,E-5,NA,NA
92,NSW_1071115,2,A-6,NA,NA
1406,NSW_1079747,2,B-6,84,193
1585,NSW_1079767,2,C-6,NA,NA
1843,NSW_1079809,2,D-6,NA,NA
2310,NSW_1075720,2,E-6,100,197
998,NSW_1079714,2,A-7,96,172
2079,NSW_1080771,2,B-7,NA,NA
889,NSW_1079706,2,C-7,NA,NA
666,NSW_1079671,2,D-7,NA,NA
926,NSW_1079708,2,E-7,NA,NA
2009,NSW_1080765,2,A-8,NA,NA
1852,NSW_1079813,2,B-8,NA,NA
1667,NSW_1079778,2,C-8,38,92
1181,NSW_1079728,2,D-8,NA,NA
429,NSW_1078641,2,E-8,72,106
938,NSW_1079709,2,A-9,NA,NA
1295,NSW_1079736,2,B-9,NA,NA
921,NSW_1079707,2,C-9,NA,NA
1475,NSW_1079753,2,D-9,NA,NA
1827,NSW_1079808,2,E-9,38,97
1849,NSW_1079813,2,A-10,70,175
1923,NSW_1080758,2,B-10,NA,NA
1450,NSW_1079751,2,C-10,NA,NA
24,NSW_1071075,2,D-10,38,107
1924,NSW_1080758,2,E-10,NA,NA
1019,NSW_1079715,3,A-1,78,144
2343,NSW_1075713,3,B-1,NA,NA
2263,NSW_1080786,3,C-1,NA,NA
1986,NSW_1080763,3,D-1,NA,NA
1389,NSW_1079745,3,E-1,NA,NA
1309,NSW_1079738,3,A-2,46,95
1066,NSW_1079719,3,B-2,NA,NA
718,NSW_1079680,3,C-2,63,137
988,NSW_1079713,3,D-2,74,149
1484,NSW_1079755,3,E-2,65,161
500,NSW_1078652,3,A-3,40,79
805,NSW_1079696,3,B-3,76,140
1792,NSW_1079799,3,C-3,72,136
1215,NSW_1079731,3,D-3,80,149
216,NSW_1075719,3,E-3,NA,NA
2291,NSW_1075708,3,A-4,NA,NA
1493,NSW_1079756,3,B-4,68,128
2376,NSW_1075722,3,C-4,NA,NA
2051,NSW_1080768,3,D-4,57,105
1775,NSW_1079794,3,E-4,3,NA
760,NSW_1079687,3,A-5,NA,NA
2123,NSW_1080774,3,B-5,NA,NA
2197,NSW_1080781,3,C-5,70,154
333,NSW_1074329,3,D-5,NA,NA
542,NSW_1078657,3,E-5,29,60
1180,NSW_1079728,3,A-6,NA,NA
2342,NSW_1075713,3,B-6,NA,NA
497,NSW_1078652,3,C-6,99,184
1514,NSW_1079760,3,D-6,NA,NA
1415,NSW_1079747,3,E-6,19,44
1927,NSW_1080758,3,A-7,NA,NA
311,NSW_1074428,3,B-7,NA,NA
606,NSW_1078713,3,C-7,NA,NA
1501,NSW_1079758,3,D-7,NA,NA
1198,NSW_1079729,3,E-7,NA,NA
455,NSW_1078645,3,A-8,NA,NA
1023,NSW_1079716,3,B-8,106,194
507,NSW_1078653,3,C-8,112,193
1133,NSW_1079724,3,D-8,9,20
1632,NSW_1079773,3,E-8,33,74
1385,NSW_1079745,3,A-9,NA,NA
187,NSW_1071148,3,B-9,84,171
608,NSW_1078713,3,C-9,NA,NA
559,NSW_1078658,3,D-9,22,62
34,NSW_1071080,3,E-9,NA,NA
839,NSW_1079701,3,A-10,NA,NA
1409,NSW_1079747,3,B-10,24,47
1761,NSW_1079794,3,C-10,NA,NA
2290,NSW_1075708,3,D-10,73,150
2186,NSW_1080780,3,E-10,NA,NA
729,NSW_1079681,4,A-1,NA,NA
783,NSW_1079692,4,B-1,NA,NA
492,NSW_1078651,4,C-1,NA,NA
625,NSW_1079654,4,D-1,85,164
77,NSW_1071113,4,E-1,NA,NA
977,NSW_1075712,4,A-2,NA,NA
2265,NSW_1080786,4,B-2,37,64
1456,NSW_1079752,4,C-2,NA,NA
110,NSW_1071123,4,D-2,NA,NA
594,NSW_1075721,4,E-2,NA,NA
1005,NSW_1079714,4,A-3,NA,NA
1342,NSW_1079740,4,B-3,NA,NA
670,NSW_1079671,4,C-3,NA,NA
2005,NSW_1080765,4,D-3,26,43
346,NSW_1074433,4,E-3,NA,NA
1945,NSW_1080761,4,A-4,144,210
257,NSW_1074334,4,B-4,NA,NA
1266,NSW_1079734,4,C-4,NA,NA
1276,NSW_1079735,4,D-4,4,10
300,NSW_1074423,4,E-4,NA,NA
828,NSW_1079697,4,A-5,NA,NA
1278,NSW_1079735,4,B-5,18,44
522,NSW_1078654,4,C-5,58,124
599,NSW_1078662,4,D-5,126,205
1069,NSW_1079720,4,E-5,NA,NA
1158,NSW_1079726,4,A-6,NA,NA
104,NSW_1071118,4,B-6,NA,NA
2023,NSW_1080766,4,C-6,68,163
506,NSW_1078653,4,D-6,NA,NA
1560,NSW_1079763,4,E-6,NA,NA
1307,NSW_1079737,4,A-7,NA,NA
1007,NSW_1079714,4,B-7,38,90
2378,NSW_1075705,4,C-7,12,21
312,NSW_1075706,4,D-7,NA,NA
671,NSW_1079671,4,E-7,2,3
2329,NSW_1075710,4,A-8,NA,NA
2372,NSW_1075722,4,B-8,NA,NA
1809,NSW_1079803,4,C-8,NA,NA
849,NSW_1079702,4,D-8,9,16
129,NSW_1071128,4,E-8,130,256
402,NSW_1078640,4,A-9,120,226
552,NSW_1078657,4,B-9,23,58
2382,NSW_1075705,4,C-9,NA,NA
1912,NSW_1079822,4,D-9,NA,NA
291,NSW_1074423,4,E-9,39,89
2192,NSW_1080780,4,A-10,37,85
498,NSW_1078652,4,B-10,NA,NA
838,NSW_1079701,4,C-10,44,104
525,NSW_1078654,4,D-10,128,216
1449,NSW_1079751,4,E-10,92,168
1251,NSW_1079733,5,A-1,NA,NA
884,NSW_1079705,5,B-1,61,126
744,NSW_1079682,5,C-1,NA,NA
1386,NSW_1079745,5,D-1,NA,NA
1853,NSW_1079813,5,E-1,NA,NA
2367,NSW_1075722,5,A-2,NA,NA
1900,NSW_1079821,5,B-2,81,166
351,NSW_1074453,5,C-2,NA,NA
1239,NSW_1079732,5,D-2,NA,NA
1573,NSW_1079766,5,E-2,87,170
820,NSW_1079697,5,A-3,NA,NA
1431,NSW_1079750,5,B-3,12,35
1033,NSW_1079717,5,C-3,NA,NA
2203,NSW_1080781,5,D-3,57,122
382,NSW_1078636,5,E-3,163,309
2296,NSW_1075704,5,A-4,78,134
1801,NSW_1079803,5,B-4,NA,NA
1834,NSW_1079808,5,C-4,70,154
1190,NSW_1079729,5,D-4,NA,NA
1507,NSW_1079758,5,E-4,NA,NA
1101,NSW_1079722,5,A-5,16,11
1844,NSW_1079809,5,B-5,NA,NA
1153,NSW_1079726,5,C-5,NA,NA
2097,NSW_1080772,5,D-5,NA,NA
727,NSW_1079681,5,E-5,NA,NA
2138,NSW_1080776,5,A-6,117,186
1321,NSW_1079739,5,B-6,NA,NA
752,NSW_1079686,5,C-6,NA,NA
1622,NSW_1079773,5,D-6,10,18
1651,NSW_1079774,5,E-6,70,116
1187,NSW_1079728,5,A-7,NA,NA
940,NSW_1079709,5,B-7,NA,NA
746,NSW_1079686,5,C-7,NA,NA
2225,NSW_1080784,5,D-7,72,130
2003,NSW_1080764,5,E-7,3,9
827,NSW_1079697,5,A-8,NA,NA
706,NSW_1079677,5,B-8,110,184
1188,NSW_1079728,5,C-8,NA,NA
326,NSW_1074329,5,D-8,NA,NA
836,NSW_1079701,5,E-8,NA,NA
1611,NSW_1079772,5,A-9,NA,NA
2033,NSW_1080767,5,B-9,NA,NA
2072,NSW_1080770,5,C-9,NA,NA
1455,NSW_1079752,5,D-9,NA,NA
643,NSW_1079658,5,E-9,NA,NA
526,NSW_1078654,5,A-10,NA,NA
651,NSW_1079670,5,B-10,14,28
1857,NSW_1079813,5,C-10,NA,NA
939,NSW_1079709,5,D-10,NA,NA
1480,NSW_1079755,5,E-10,NA,NA
1567,NSW_1079765,6,A-1,79,188
630,NSW_1079654,6,B-1,44,105
1947,NSW_1080761,6,C-1,NA,NA
1940,NSW_1080759,6,D-1,52,119
1610,NSW_1079772,6,E-1,NA,NA
2298,NSW_1075704,6,A-2,NA,NA
1623,NSW_1079773,6,B-2,75,204
95,NSW_1071115,6,C-2,NA,NA
1522,NSW_1079760,6,D-2,46,107
837,NSW_1079701,6,E-2,29,104
1149,NSW_1079725,6,A-3,NA,NA
1699,NSW_1079783,6,B-3,31,76
2204,NSW_1080781,6,C-3,NA,NA
259,NSW_1074334,6,D-3,43,120
1708,NSW_1079784,6,E-3,45,136
1105,NSW_1079722,6,A-4,NA,NA
1583,NSW_1079766,6,B-4,NA,NA
602,NSW_1078713,6,C-4,NA,NA
1433,NSW_1079750,6,D-4,48,93
1341,NSW_1079740,6,E-4,NA,NA
2131,NSW_1080775,6,A-5,76,153
23,NSW_1071075,6,B-5,NA,NA
1380,NSW_1079744,6,C-5,33,89
1937,NSW_1080759,6,D-5,165,245
1337,NSW_1079740,6,E-5,44,130
386,NSW_1078637,6,A-6,96,177
364,NSW_1074458,6,B-6,NA,NA
488,NSW_1078651,6,C-6,44,104
811,NSW_1079696,6,D-6,4,9
1550,NSW_1079763,6,E-6,5,16
1914,NSW_1079822,6,A-7,NA,NA
1615,NSW_1079772,6,B-7,NA,NA
361,NSW_1074458,6,C-7,20,55
1469,NSW_1079753,6,D-7,NA,NA
1836,NSW_1079808,6,E-7,22,63
1011,NSW_1079715,6,A-8,NA,NA
604,NSW_1078713,6,B-8,NA,NA
645,NSW_1079658,6,C-8,166,276
2279,NSW_1080787,6,D-8,NA,59
633,NSW_1079654,6,E-8,NA,NA
491,NSW_1078651,6,A-9,*,NA
204,NSW_1074318,6,B-9,NA,NA
664,NSW_1079671,6,C-9,NA,NA
2321,NSW_1075709,6,D-9,55,126
922,NSW_1079707,6,E-9,NA,NA
53,NSW_1071090,6,A-10,NA,NA
207,NSW_1074324,6,B-10,NA,NA
436,NSW_1078642,6,C-10,NA,NA
561,NSW_1078658,6,D-10,NA,NA
2085,NSW_1080771,6,E-10,NA,NA
2068,NSW_1080770,7,A-1,70,168
1850,NSW_1079813,7,B-1,NA,NA
676,NSW_1079672,7,C-1,NA,NA
1609,NSW_1079772,7,D-1,64,141
2223,NSW_1080784,7,E-1,NA,NA
513,NSW_1078653,7,A-2,NA,NA
1627,NSW_1079773,7,B-2,22,55
717,NSW_1079680,7,C-2,60,152
660,NSW_1079670,7,D-2,NA,NA
1143,NSW_1079725,7,E-2,3,11
1311,NSW_1079738,7,A-3,NA,NA
622,NSW_1079653,7,B-3,4,10
1369,NSW_1079744,7,C-3,NA,NA
280,NSW_1074398,7,D-3,NA,NA
1359,NSW_1079743,7,E-3,3,8
1590,NSW_1079767,7,A-4,NA,NA
127,NSW_1071128,7,B-4,160,271
1294,NSW_1079736,7,C-4,34,64
519,NSW_1078654,7,D-4,71,118
1129,NSW_1079724,7,E-4,36,88
991,NSW_1079713,7,A-5,4,10
378,NSW_1078636,7,B-5,106,152
2179,NSW_1080779,7,C-5,NA,NA
288,NSW_1074398,7,D-5,NA,NA
968,NSW_1079711,7,E-5,NA,NA
282,NSW_1074398,7,A-6,NA,NA
1854,NSW_1079813,7,B-6,NA,NA
1103,NSW_1079722,7,C-6,106,174
775,NSW_1079691,7,D-6,NA,NA
138,NSW_1071133,7,E-6,92,142
1123,NSW_1079723,7,A-7,NA,NA
2311,NSW_1075720,7,B-7,68,125
206,NSW_1075719,7,C-7,12,20
71,NSW_1071110,7,D-7,42,91
452,NSW_1078645,7,E-7,80,141
579,NSW_1078662,7,A-8,24,55
1580,NSW_1079766,7,B-8,NA,NA
1283,NSW_1079735,7,C-8,NA,NA
945,NSW_1079709,7,D-8,NA,NA
663,NSW_1079671,7,E-8,NA,NA
2205,NSW_1080781,7,A-9,NA,NA
540,NSW_1078656,7,B-9,NA,NA
2164,NSW_1080778,7,C-9,4,12
541,NSW_1078657,7,D-9,100,197
393,NSW_1078637,7,E-9,79,148
803,NSW_1079696,7,A-10,8,18
1286,NSW_1079736,7,B-10,NA,NA
532,NSW_1078656,7,C-10,NA,NA
2274,NSW_1080787,7,D-10,NA,NA
573,NSW_1078660,7,E-10,NA,NA
1917,NSW_1079822,8,A-1,NA,NA
1671,NSW_1079779,8,B-1,NA,NA
685,NSW_1079675,8,C-1,47,109
1210,NSW_1079730,8,D-1,55,108
603,NSW_1078713,8,E-1,NA,NA
469,NSW_1078647,8,A-2,140,241
1804,NSW_1079803,8,B-2,NA,NA
2038,NSW_1080767,8,C-2,154,262
730,NSW_1079681,8,D-2,3,NA
1492,NSW_1079756,8,E-2,NA,NA
1743,NSW_1079793,8,A-3,NA,NA
5,NSW_1071070,8,B-3,94,145
1443,NSW_1079751,8,C-3,42,84
961,NSW_1079711,8,D-3,82,152
454,NSW_1078645,8,E-3,93,164
1549,NSW_1079763,8,A-4,38,82
843,NSW_1079702,8,B-4,NA,NA
2170,NSW_1080778,8,C-4,NA,NA
667,NSW_1079671,8,D-4,NA,NA
1315,NSW_1079738,8,E-4,37,76
2045,NSW_1080768,8,A-5,58,114
1079,NSW_1079720,8,B-5,29,63
1241,NSW_1079732,8,C-5,NA,NA
830,NSW_1079701,8,D-5,198,266
877,NSW_1079705,8,E-5,NA,NA
2054,NSW_1080769,8,A-6,NA,NA
427,NSW_1078641,8,B-6,184,302
173,NSW_1071143,8,C-6,40,84
769,NSW_1079691,8,D-6,41,108
1588,NSW_1079767,8,E-6,NA,NA
874,NSW_1079703,8,A-7,99,149
510,NSW_1078653,8,B-7,NA,NA
2193,NSW_1080780,8,C-7,118,241
2073,NSW_1080770,8,D-7,74,121
405,NSW_1078640,8,E-7,NA,NA
2114,NSW_1080774,8,A-8,124,192
2366,NSW_1075722,8,B-8,NA,NA
2201,NSW_1080781,8,C-8,59,120
2017,NSW_1080766,8,D-8,NA,NA
1810,NSW_1079803,8,E-8,40,94
2024,NSW_1080766,8,A-9,NA,NA
1034,NSW_1079717,8,B-9,NA,NA
564,NSW_1078658,8,C-9,78,171
1817,NSW_1079804,8,D-9,68,145
495,NSW_1078652,8,E-9,NA,NA
2000,NSW_1080764,8,A-10,14,28
1317,NSW_1079738,8,B-10,28,43
1616,NSW_1079772,8,C-10,20,41
1441,NSW_1079751,8,D-10,38,99
2135,NSW_1080775,8,E-10,90,180
1906,NSW_1079821,9,A-1,NA,NA
1666,NSW_1079778,9,B-1,2,NA
383,NSW_1078636,9,C-1,NA,NA
1486,NSW_1079755,9,D-1,NA,NA
1681,NSW_1079783,9,E-1,96,177
65,NSW_1071110,9,A-2,38,73
1524,NSW_1079760,9,B-2,56,104
205,NSW_1074324,9,C-2,55,98
302,NSW_1075706,9,D-2,48,89
1131,NSW_1079724,9,E-2,18,18
1525,NSW_1079761,9,A-3,NA,NA
2335,NSW_1075710,9,B-3,22,33
996,NSW_1079713,9,C-3,NA,NA
654,NSW_1079670,9,D-3,28,38
297,NSW_1074423,9,E-3,50,96
1208,NSW_1079730,9,A-4,NA,NA
1390,NSW_1079745,9,B-4,71,126
1870,NSW_1079814,9,C-4,NA,NA
250,NSW_1075723,9,D-4,NA,NA
546,NSW_1078657,9,E-4,NA,NA
151,NSW_1071138,9,A-5,102,143
1134,NSW_1079724,9,B-5,19,50
1281,NSW_1079735,9,C-5,NA,NA
1118,NSW_1079723,9,D-5,79,149
818,NSW_1079697,9,E-5,NA,NA
1090,NSW_1079721,9,A-6,NA,NA
978,NSW_1075712,9,B-6,34,54
246,NSW_1075723,9,C-6,NA,NA
1257,NSW_1079733,9,D-6,40,75
87,NSW_1071115,9,E-6,44,103
696,NSW_1079675,9,A-7,38,71
111,NSW_1071123,9,B-7,NA,NA
2137,NSW_1080776,9,C-7,NA,NA
357,NSW_1074453,9,D-7,19,44
626,NSW_1079654,9,E-7,92,184
2011,NSW_1080765,9,A-8,85,139
2176,NSW_1080779,9,B-8,NA,NA
442,NSW_1078642,9,C-8,25,40
585,NSW_1078662,9,D-8,67,115
2365,NSW_1075722,9,E-8,NA,NA
1196,NSW_1079729,9,A-9,NA,NA
1399,NSW_1079746,9,B-9,NA,NA
2133,NSW_1080775,9,C-9,26,56
2258,NSW_1080786,9,D-9,24,39
1285,NSW_1079736,9,E-9,53,93
1064,NSW_1079719,9,A-10,33,65
1336,NSW_1079740,9,B-10,12,14
336,NSW_1074329,9,C-10,38,65
835,NSW_1079701,9,D-10,50,93
439,NSW_1078642,9,E-10,8,13
529,NSW_1078656,10,A-1,162,224
1784,NSW_1079798,10,B-1,78,132
93,NSW_1071115,10,C-1,NA,NA
1719,NSW_1079788,10,D-1,84,154
134,NSW_1071133,10,E-1,115,153
1821,NSW_1079804,10,A-2,85,147
1334,NSW_1079740,10,B-2,66,129
1911,NSW_1079822,10,C-2,NA,NA
369,NSW_1074458,10,D-2,NA,NA
767,NSW_1079687,10,E-2,NA,NA
2030,NSW_1080767,10,A-3,107,157
190,NSW_1071148,10,B-3,36,77
1759,NSW_1079794,10,C-3,NA,NA
2200,NSW_1080781,10,D-3,68,136
14,NSW_1071075,10,E-3,60,122
610,NSW_1078713,10,A-4,NA,NA
1935,NSW_1080759,10,B-4,55,87
847,NSW_1079702,10,C-4,12,16
19,NSW_1071075,10,D-4,5,10
83,NSW_1071113,10,E-4,14,38
1030,NSW_1079716,10,A-5,120,194
350,NSW_1074453,10,B-5,NA,NA
2016,NSW_1080765,10,C-5,NA,NA
212,NSW_1075719,10,D-5,110,200
2151,NSW_1080777,10,E-5,NA,NA
1428,NSW_1079748,10,A-6,NA,NA
1586,NSW_1079767,10,B-6,NA,NA
2136,NSW_1080775,10,C-6,71,148
2001,NSW_1080764,10,D-6,NA,NA
700,NSW_1079677,10,E-6,134,224
57,NSW_1071090,10,A-7,92,153
219,NSW_1074324,10,B-7,NA,NA
1908,NSW_1079821,10,C-7,67,151
1155,NSW_1079726,10,D-7,70,155
708,NSW_1079677,10,E-7,NA,NA
315,NSW_1074428,10,A-8,NA,NA
919,NSW_1079707,10,B-8,NA,NA
1748,NSW_1079793,10,C-8,NA,NA
566,NSW_1078660,10,D-8,NA,NA
1235,NSW_1079731,10,E-8,NA,NA
1113,NSW_1079722,10,A-9,NA,NA
475,NSW_1078647,10,B-9,116,211
743,NSW_1079682,10,C-9,8,8
1010,NSW_1079715,10,D-9,184,278
1691,NSW_1079783,10,E-9,20,48
1434,NSW_1079750,10,A-10,75,129
1805,NSW_1079803,10,B-10,NA,NA
1093,NSW_1079722,10,C-10,108,186
1141,NSW_1079725,10,D-10,NA,NA
957,NSW_1079710,10,E-10,NA,NA
766,NSW_1079687,11,A-1,NA,NA
823,NSW_1079697,11,B-1,NA,NA
872,NSW_1079703,11,C-1,72,100
1502,NSW_1079758,11,D-1,85,144
1413,NSW_1079747,11,E-1,46,84
72,NSW_1071110,11,A-2,NA,NA
368,NSW_1074458,11,B-2,NA,NA
2149,NSW_1080777,11,C-2,88,123
1673,NSW_1079779,11,D-2,NA,NA
1414,NSW_1079747,11,E-2,NA,NA
826,NSW_1079697,11,A-3,36,59
848,NSW_1075707,11,B-3,6,11
1765,NSW_1079794,11,C-3,4,6
637,NSW_1079658,11,D-3,6,12
1676,NSW_1079779,11,E-3,13,34
1080,NSW_1079720,11,A-4,NA,NA
113,NSW_1071123,11,B-4,163,279
2076,NSW_1080770,11,C-4,12,28
1793,NSW_1079799,11,D-4,NA,NA
2368,NSW_1075722,11,E-4,NA,NA
481,NSW_1078651,11,A-5,67,128
1499,NSW_1079756,11,B-5,20,38
1330,NSW_1079739,11,C-5,16,26
2004,NSW_1080764,11,D-5,NA,NA
440,NSW_1078642,11,E-5,36,65
1861,NSW_1079814,11,A-6,120,169
2148,NSW_1080776,11,B-6,NA,NA
167,NSW_1071143,11,C-6,NA,NA
647,NSW_1079658,11,D-6,NA,NA
1003,NSW_1079714,11,E-6,NA,NA
67,NSW_1071110,11,A-7,NA,NA
948,NSW_1079709,11,B-7,64,129
339,NSW_1074433,11,C-7,58,108
1125,NSW_1079723,11,D-7,81,166
1471,NSW_1079753,11,E-7,NA,NA
1465,NSW_1079753,11,A-8,NA,NA
289,NSW_1074423,11,B-8,78,163
2082,NSW_1080771,11,C-8,NA,NA
694,NSW_1079675,11,D-8,57,129
2278,NSW_1080787,11,E-8,18,37
1931,NSW_1080758,11,A-9,NA,NA
2050,NSW_1080768,11,B-9,NA,NA
504,NSW_1078652,11,C-9,NA,NA
972,NSW_1079711,11,D-9,71,165
1546,NSW_1079762,11,E-9,68,151
720,NSW_1079680,11,A-10,NA,NA
114,NSW_1071123,11,B-10,NA,NA
1669,NSW_1079779,11,C-10,32,78
2398,NSW_1075718,11,D-10,NA,NA
574,NSW_1078660,11,E-10,44,94
2344,NSW_1075713,12,A-1,98,173
657,NSW_1079670,12,B-1,26,45
358,NSW_1074453,12,C-1,70,131
1288,NSW_1079736,12,D-1,NA,NA
2346,NSW_1075713,12,E-1,92,174
79,NSW_1071113,12,A-2,NA,NA
1041,NSW_1079717,12,B-2,76,165
1783,NSW_1079798,12,C-2,44,75
2316,NSW_1075720,12,D-2,65,154
1516,NSW_1079760,12,E-2,90,149
448,NSW_1078645,12,A-3,NA,NA
1458,NSW_1079752,12,B-3,NA,NA
1086,NSW_1079721,12,C-3,NA,NA
1697,NSW_1079783,12,D-3,104,164
1716,NSW_1079784,12,E-3,NA,NA
1740,NSW_1079789,12,A-4,68,110
1955,NSW_1080761,12,B-4,50,100
2260,NSW_1080786,12,C-4,NA, NA
1547,NSW_1079762,12,D-4,67,134
650,NSW_1079670,12,E-4,74,155
1403,NSW_1079746,12,A-5,48,118
985,NSW_1079713,12,B-5,26,48
1909,NSW_1079822,12,C-5,89,164
1685,NSW_1079783,12,D-5,NA,NA
661,NSW_1079671,12,E-5,NA,NA
1477,NSW_1079755,12,A-6,NA,NA
2080,NSW_1080771,12,B-6,54,115
672,NSW_1079671,12,C-6,NA,NA
1541,NSW_1079762,12,D-6,NA,NA
2194,NSW_1080780,12,E-6,54,156
909,NSW_1079706,12,A-7,NA,NA
213,NSW_1074324,12,B-7,NA,NA
577,NSW_1078662,12,C-7,52,94
1745,NSW_1079793,12,D-7,NA,NA
2383,NSW_1075705,12,E-7,54,125
1388,NSW_1079745,12,A-8,NA,NA
595,NSW_1078662,12,B-8,NA,NA
1361,NSW_1079743,12,C-8,NA,NA
1755,NSW_1079794,12,D-8,60,123
1733,NSW_1079789,12,E-8,NA,NA
901,NSW_1079706,12,A-9,36,86
1209,NSW_1079730,12,B-9,NA,NA
2071,NSW_1080770,12,C-9,NA,NA
2388,NSW_1075705,12,D-9,44,94
2109,NSW_1080773,12,E-9,NA,NA
2067,NSW_1080770,12,A-10,NA,NA
655,NSW_1079670,12,B-10,NA,NA
792,NSW_1079692,12,C-10,NA,NA
1707,NSW_1079784,12,D-10,NA,NA
1293,NSW_1079736,12,E-10,NA,NA
846,NSW_1075707,13,A-1,4,5
1936,NSW_1080759,13,B-1,84,156
1353,NSW_1079741,13,C-1,NA,NA
171,NSW_1071143,13,D-1,125,215
911,NSW_1079706,13,E-1,NA,NA
722,NSW_1079681,13,A-2,NA,NA
1763,NSW_1079794,13,B-2,NA,NA
2145,NSW_1080776,13,C-2,28,74
797,NSW_1079696,13,D-2,41,106
437,NSW_1078642,13,E-2,66,143
265,NSW_1074339,13,A-3,NA,NA
2232,NSW_1080784,13,B-3,74,148
1496,NSW_1079756,13,C-3,28,84
1953,NSW_1080761,13,D-3,NA,NA
958,NSW_1079710,13,E-3,6,6
1124,NSW_1079723,13,A-4,121,196
809,NSW_1079696,13,B-4,32,78
891,NSW_1079706,13,C-4,6,12
2105,NSW_1080773,13,D-4,47,103
1322,NSW_1079739,13,E-4,NA,NA
2375,NSW_1075722,13,A-5,120,151
930,NSW_1079708,13,B-5,3,NA
303,NSW_1074428,13,C-5,NA,NA
1078,NSW_1079720,13,D-5,NA,NA
2015,NSW_1080765,13,E-5,132,229
499,NSW_1078652,13,A-6,128,215
2014,NSW_1080765,13,B-6,119,210
1316,NSW_1079738,13,C-6,NA,NA
1973,NSW_1080762,13,D-6,161,269
1996,NSW_1080764,13,E-6,NA,NA
721,NSW_1079681,13,A-7,NA,NA
741,NSW_1079682,13,B-7,106,212
476,NSW_1078647,13,C-7,140,237
539,NSW_1078656,13,D-7,NA,NA
1563,NSW_1079765,13,E-7,98,196
2168,NSW_1080778,13,A-8,49,104
969,NSW_1079711,13,B-8,77,177
549,NSW_1078657,13,C-8,3,4
244,NSW_1075723,13,D-8,NA,NA
1714,NSW_1079784,13,E-8,83,144
2207,NSW_1080781,13,A-9,NA,NA
1816,NSW_1079804,13,B-9,84,164
1822,NSW_1079804,13,C-9,70,118
1075,NSW_1079720,13,D-9,28,68
493,NSW_1078652,13,E-9,112,193
605,NSW_1078713,13,A-10,18,44
748,NSW_1079686,13,B-10,12,14
941,NSW_1079709,13,C-10,NA,NA
124,NSW_1071128,13,D-10,83,163
1572,NSW_1079765,13,E-10,NA,NA
966,NSW_1079711,14,A-1,38,78
2087,NSW_1080771,14,B-1,NA,NA
1848,NSW_1079809,14,C-1,NA,NA
950,NSW_1079710,14,D-1,NA,NA
750,NSW_1079686,14,E-1,NA,NA
2381,NSW_1075705,14,A-2,52,94
1559,NSW_1079763,14,B-2,NA,NA
640,NSW_1079658,14,C-2,165,260
210,NSW_1075719,14,D-2,61,119
1031,NSW_1079716,14,E-2,112,206
984,NSW_1075712,14,A-3,64,139
1951,NSW_1080761,14,B-3,5,NA
1169,NSW_1079727,14,C-3,NA,NA
2102,NSW_1080773,14,D-3,NA,NA
1982,NSW_1080763,14,E-3,38,61
1505,NSW_1079758,14,A-4,NA,NA
734,NSW_1079682,14,B-4,118,168
1777,NSW_1079798,14,C-4,122,214
981,NSW_1075712,14,D-4,16,33
1122,NSW_1079723,14,E-4,NA,NA
1372,NSW_1079744,14,A-5,NA,NA
233,NSW_1074429,14,B-5,62,102
2312,NSW_1075720,14,C-5,88,152
1515,NSW_1079760,14,D-5,140,223
2198,NSW_1080781,14,E-5,124,230
1747,NSW_1079793,14,A-6,36,75
590,NSW_1075721,14,B-6,17,NA
994,NSW_1079713,14,C-6,NA,NA
929,NSW_1079708,14,D-6,11,14
274,NSW_1074339,14,E-6,118,202
778,NSW_1079691,14,A-7,8,NA
2098,NSW_1080772,14,B-7,157,255
854,NSW_1075707,14,C-7,NA,NA
1701,NSW_1079783,14,D-7,NA,NA
1557,NSW_1079763,14,E-7,NA,NA
159,NSW_1071143,14,A-8,136,230
1207,NSW_1079730,14,B-8,NA,NA
2277,NSW_1080787,14,C-8,48,85
2392,NSW_1075718,14,D-8,NA,NA
292,NSW_1074423,14,E-8,54,113
188,NSW_1071148,14,A-9,57,109
1384,NSW_1079745,14,B-9,74,144
885,NSW_1079705,14,C-9,87,154
962,NSW_1079711,14,D-9,73,130
309,NSW_1074428,14,E-9,NA,NA
144,NSW_1071133,14,A-10,NA,NA
613,NSW_1079653,14,B-10,NA,NA
2035,NSW_1080767,14,C-10,NA,NA
1370,NSW_1079744,14,D-10,81,134
1860,NSW_1079813,14,E-10,NA,NA
1679,NSW_1079779,15,A-1,NA,NA
2044,NSW_1080768,15,B-1,NA,NA
135,NSW_1071133,15,C-1,NA,NA
2222,NSW_1080784,15,D-1,NA,NA
1706,NSW_1079784,15,E-1,NA,NA
2156,NSW_1080777,15,A-2,NA,NA
1454,NSW_1079752,15,B-2,NA,NA
1893,NSW_1079819,15,C-2,NA,NA
1537,NSW_1079762,15,D-2,NA,NA
2130,NSW_1080775,15,E-2,50,126
101,NSW_1071118,15,A-3,72,164
1800,NSW_1079799,15,B-3,124,246
399,NSW_1078640,15,C-3,83,164
392,NSW_1078637,15,D-3,122,239
1365,NSW_1079743,15,E-3,NA,NA
875,NSW_1079703,15,A-4,NA,NA
2146,NSW_1080776,15,B-4,NA,NA
267,NSW_1074339,15,C-4,NA,NA
1021,NSW_1079716,15,D-4,124,195
121,NSW_1071128,15,E-4,226,282
2261,NSW_1080786,15,A-5,NA,NA
1213,NSW_1079731,15,B-5,39,77
245,NSW_1075723,15,C-5,3,NA
1424,NSW_1079748,15,D-5,NA,NA
779,NSW_1079691,15,E-5,23,52
764,NSW_1079687,15,A-6,32,116
2121,NSW_1080774,15,B-6,36,58
1603,NSW_1079768,15,C-6,39,87
709,NSW_1079680,15,D-6,144,242
1360,NSW_1079743,15,E-6,NA,NA
2350,NSW_1075713,15,A-7,NA,NA
391,NSW_1078637,15,B-7,88,189
1687,NSW_1079783,15,C-7,44,86
1869,NSW_1079814,15,D-7,27,29
1139,NSW_1079724,15,E-7,NA,NA
1596,NSW_1079767,15,A-8,NA,NA
478,NSW_1078647,15,B-8,NA,NA
871,NSW_1079703,15,C-8,NA,NA
1751,NSW_1079793,15,D-8,NA,NA
975,NSW_1075712,15,E-8,NA,NA
935,NSW_1079708,15,A-9,NA,NA
409,NSW_1078641,15,B-9,NA,NA
1977,NSW_1080762,15,C-9,NA,NA
1427,NSW_1079748,15,D-9,NA,NA
1659,NSW_1079778,15,E-9,NA,NA
1894,NSW_1079819,15,A-10,NA,NA
1282,NSW_1079735,15,B-10,NA,NA
2119,NSW_1080774,15,C-10,NA,NA
1658,NSW_1079778,15,D-10,NA,NA
1084,NSW_1079721,15,E-10,NA,NA
1279,NSW_1079735,16,A-1,NA,NA
237,NSW_1074429,16,B-1,85,158
687,NSW_1079675,16,C-1,42,79
1621,NSW_1079773,16,D-1,50,95
1683,NSW_1079783,16,E-1,142,232
1503,NSW_1079758,16,A-2,NA,NA
2370,NSW_1075722,16,B-2,104,214
2099,NSW_1080772,16,C-2,74,150
2083,NSW_1080771,16,D-2,46,98
1029,NSW_1079716,16,E-2,82,151
367,NSW_1074458,16,A-3,NA,NA
784,NSW_1079692,16,B-3,NA,NA
684,NSW_1079672,16,C-3,NA,NA
1391,NSW_1079745,16,D-3,NA,NA
786,NSW_1079692,16,E-3,NA,NA
2384,NSW_1075705,16,A-4,NA,NA
768,NSW_1079687,16,B-4,NA,NA
733,NSW_1079682,16,C-4,139,206
2066,NSW_1080770,16,D-4,31,54
1863,NSW_1079814,16,E-4,NA,NA
1199,NSW_1079729,16,A-5,NA,NA
433,NSW_1078642,16,B-5,NA,NA
955,NSW_1079710,16,C-5,NA,NA
927,NSW_1079708,16,D-5,18,41
1732,NSW_1079789,16,E-5,16,33
1538,NSW_1079762,16,A-6,NA,NA
1411,NSW_1079747,16,B-6,14,179
1280,NSW_1079735,16,C-6,16,34
931,NSW_1079708,16,D-6,NA,NA
2275,NSW_1080787,16,E-6,NA,NA
2032,NSW_1080767,16,A-7,44,102
638,NSW_1079658,16,B-7,58,104
2007,NSW_1080765,16,C-7,26,66
1715,NSW_1079784,16,D-7,16,25
153,NSW_1071138,16,E-7,39,76
772,NSW_1079691,16,A-8,98,176
1641,NSW_1079774,16,B-8,112,167
1720,NSW_1079788,16,C-8,48,97
583,NSW_1078662,16,D-8,10,13
710,NSW_1079680,16,E-8,NA,NA
1184,NSW_1079728,16,A-9,NA,NA
1778,NSW_1079798,16,B-9,68,114
1298,NSW_1079737,16,C-9,NA,NA
1901,NSW_1079821,16,D-9,162,215
1225,NSW_1079731,16,E-9,33,70
801,NSW_1079696,16,A-10,26,46
2106,NSW_1080773,16,B-10,73,131
348,NSW_1074433,16,C-10,NA,NA
571,NSW_1078660,16,D-10,NA,NA
565,NSW_1078660,16,E-10,155,254
787,NSW_1079692,17,A-1,NA,NA
1200,NSW_1079729,17,B-1,183,232
1571,NSW_1079765,17,C-1,NA,NA
137,NSW_1071133,17,D-1,120,198
1902,NSW_1079821,17,E-1,NA,NA
165,NSW_1071143,17,A-2,52,81
716,NSW_1079680,17,B-2,105,147
1933,NSW_1080759,17,C-2,NA,NA
704,NSW_1079677,17,D-2,46,73
1127,NSW_1079723,17,E-2,132,220
678,NSW_1079672,17,A-3,NA,NA
1649,NSW_1079774,17,B-3,69,116
1320,NSW_1079738,17,C-3,NA,NA
389,NSW_1078637,17,D-3,140,238
1668,NSW_1079778,17,E-3,NA,NA
376,NSW_1078636,17,A-4,8,14
306,NSW_1075706,17,B-4,NA,NA
1430,NSW_1079750,17,C-4,66,110
1568,NSW_1079765,17,D-4,7,10
74,NSW_1071113,17,E-4,NA,NA
1513,NSW_1079760,17,A-5,80,143
2349,NSW_1075713,17,B-5,NA,NA
2299,NSW_1075704,17,C-5,93,149
1565,NSW_1079765,17,D-5,111,150
1274,NSW_1079735,17,E-5,NA,NA
1004,NSW_1079714,17,A-6,84,147
2373,NSW_1075722,17,B-6,NA,NA
1135,NSW_1079724,17,C-6,31,54
2217,NSW_1080782,17,D-6,47,93
2317,NSW_1075709,17,E-6,35,60
976,NSW_1075712,17,A-7,NA,NA
1713,NSW_1079784,17,B-7,6,16
119,NSW_1071123,17,C-7,NA,NA
949,NSW_1079710,17,D-7,NA,NA
196,NSW_1074318,17,E-7,12,19
535,NSW_1078656,17,A-8,136,210
1140,NSW_1079724,17,B-8,54,105
607,NSW_1078713,17,C-8,NA,NA
1591,NSW_1079767,17,D-8,NA,NA
2257,NSW_1080786,17,E-8,NA,NA
1757,NSW_1079794,17,A-9,54,113
1903,NSW_1079821,17,B-9,4,NA
385,NSW_1078637,17,C-9,147,221
340,NSW_1074433,17,D-9,60,127
1070,NSW_1079720,17,E-9,73,158
264,NSW_1074334,17,A-10,18,23
2314,NSW_1075720,17,B-10,4,NA
726,NSW_1079681,17,C-10,77,150
66,NSW_1071110,17,D-10,32,73
780,NSW_1079691,17,E-10,NA,NA
449,NSW_1078645,18,A-1,82,153
831,NSW_1079701,18,B-1,197,268
1152,NSW_1079725,18,C-1,NA,NA
1536,NSW_1079761,18,D-1,NA,NA
776,NSW_1079691,18,E-1,NA,NA
298,NSW_1074423,18,A-2,27,55
1509,NSW_1079758,18,B-2,11,22
2069,NSW_1080770,18,C-2,NA,NA
2323,NSW_1075709,18,D-2,62,125
1146,NSW_1079725,18,E-2,NA,NA
699,NSW_1079677,18,A-3,78,150
404,NSW_1078640,18,B-3,NA,NA
2053,NSW_1080769,18,C-3,NA,NA
887,NSW_1079705,18,D-3,NA,NA
1504,NSW_1079758,18,E-3,NA,NA
1742,NSW_1079793,18,A-4,61,109
421,NSW_1078641,18,B-4,57,109
1736,NSW_1079789,18,C-4,11,21
1142,NSW_1079725,18,D-4,NA,NA
1630,NSW_1079773,18,E-4,NA,NA
2394,NSW_1075718,18,A-5,NA,NA
756,NSW_1079686,18,B-5,NA,NA
2187,NSW_1080780,18,C-5,38,76
560,NSW_1078658,18,D-5,8,13
658,NSW_1079670,18,E-5,68,119
1036,NSW_1079717,18,A-6,21,67
1136,NSW_1079724,18,B-6,NA,NA
964,NSW_1079711,18,C-6,NA,NA
1459,NSW_1079752,18,D-6,NA,NA
1088,NSW_1079721,18,E-6,NA,NA
1944,NSW_1080759,18,A-7,10,18
2327,NSW_1075709,18,B-7,21,43
873,NSW_1079703,18,C-7,31,NA
1050,NSW_1079718,18,D-7,NA,NA
1173,NSW_1079727,18,E-7,NA,NA
487,NSW_1078651,18,A-8,111,171
221,NSW_1074324,18,B-8,11,11
857,NSW_1079702,18,C-8,NA,NA
1727,NSW_1079788,18,D-8,53,105
815,NSW_1079696,18,E-8,9,12
470,NSW_1078647,18,A-9,11,23
400,NSW_1078640,18,B-9,14,22
1022,NSW_1079716,18,C-9,38,56
169,NSW_1071143,18,D-9,62,111
2025,NSW_1080766,18,E-9,48,76
1618,NSW_1079772,18,A-10,5,8
1985,NSW_1080763,18,B-10,6,NA
2115,NSW_1080774,18,C-10,31,46
1897,NSW_1079821,18,D-10,NA,NA
1171,NSW_1079727,18,E-10,NA,NA
1753,NSW_1079794,19,A-1,94,182
2389,NSW_1075718,19,B-1,NA,NA
1728,NSW_1079788,19,C-1,79,178
1941,NSW_1080759,19,D-1,NA,NA
1643,NSW_1079774,19,E-1,26,64
1891,NSW_1079819,19,A-2,NA,NA
1865,NSW_1079814,19,B-2,65,134
260,NSW_1074334,19,C-2,NA,NA
1629,NSW_1079773,19,D-2,28,47
1932,NSW_1080758,19,E-2,NA,NA
1328,NSW_1079739,19,A-3,110,224
2037,NSW_1080767,19,B-3,108,175
813,NSW_1079696,19,C-3,48,113
122,NSW_1071128,19,D-3,96,191
880,NSW_1079705,19,E-3,NA,NA
932,NSW_1079708,19,A-4,115,205
371,NSW_1074458,19,B-4,14,39
1211,NSW_1079730,19,C-4,NA,NA
1379,NSW_1079744,19,D-4,26,45
1965,NSW_1080762,19,E-4,NA,NA
1318,NSW_1079738,19,A-5,NA,NA
1498,NSW_1079756,19,B-5,16,28
596,NSW_1075721,19,C-5,NA,NA
328,NSW_1074329,19,D-5,75,163
952,NSW_1079710,19,E-5,NA,NA
965,NSW_1079711,19,A-6,NA,NA
275,NSW_1074339,19,B-6,NA,NA
967,NSW_1079711,19,C-6,14,21
1436,NSW_1079750,19,D-6,78,144
1346,NSW_1079741,19,E-6,NA,NA
1473,NSW_1079753,19,A-7,100,155
2308,NSW_1075720,19,B-7,79,155
1463,NSW_1079752,19,C-7,NA,NA
2340,NSW_1075710,19,D-7,85,160
609,NSW_1078713,19,E-7,NA,NA
2369,NSW_1075722,19,A-8,NA,NA
1042,NSW_1079717,19,B-8,NA,NA
2086,NSW_1080771,19,C-8,NA,NA
1579,NSW_1079766,19,D-8,38,78
1529,NSW_1079761,19,E-8,108,181
615,NSW_1079653,19,A-9,NA,NA
954,NSW_1079710,19,B-9,76,146
635,NSW_1079654,19,C-9,34,89
2094,NSW_1080772,19,D-9,NA,NA
771,NSW_1079691,19,E-9,NA,NA
456,NSW_1078645,19,A-10,NA,NA
1555,NSW_1079763,19,B-10,NA,NA
1205,NSW_1079730,19,C-10,40,104
673,NSW_1079672,19,D-10,38,86
270,NSW_1074339,19,E-10,9,NA
1519,NSW_1079760,20,A-1,74,194
2339,NSW_1075710,20,B-1,9,9
1595,NSW_1079767,20,C-1,NA,NA
1128,NSW_1079723,20,D-1,NA,NA
1731,NSW_1079789,20,E-1,NA,NA
209,NSW_1074324,20,A-2,100,203
1231,NSW_1079731,20,B-2,NA,NA
1170,NSW_1079727,20,C-2,NA,NA
1237,NSW_1079732,20,D-2,20,43
990,NSW_1079713,20,E-2,NA,NA
2328,NSW_1075709,20,A-3,NA,NA
1335,NSW_1079740,20,B-3,22,70
860,NSW_1075707,20,C-3,NA,NA
821,NSW_1079697,20,D-3,NA,NA
1723,NSW_1079788,20,E-3,104,228
2320,NSW_1075709,20,A-4,74,160
1540,NSW_1079762,20,B-4,NA,NA
1331,NSW_1079739,20,C-4,NA,NA
332,NSW_1074329,20,D-4,NA,NA
1352,NSW_1079741,20,E-4,NA,NA
879,NSW_1079705,20,A-5,64,124
675,NSW_1079672,20,B-5,NA,NA
276,NSW_1074339,20,C-5,59,134
833,NSW_1079701,20,D-5,136,254
1693,NSW_1079783,20,E-5,117,200
256,NSW_1074334,20,A-6,48,95
68,NSW_1071110,20,B-6,101,195
1598,NSW_1079768,20,C-6,115,222
971,NSW_1079711,20,D-6,NA,NA
1508,NSW_1079758,20,E-6,54,121
1381,NSW_1079745,20,A-7,NA,NA
920,NSW_1079707,20,B-7,NA,NA
423,NSW_1078641,20,C-7,NA,NA
2091,NSW_1080772,20,D-7,146,283
142,NSW_1071133,20,E-7,168,297
2229,NSW_1080784,20,A-8,74,171
1558,NSW_1079763,20,B-8,NA,NA
70,NSW_1071110,20,C-8,NA,NA
1402,NSW_1079746,20,D-8,NA,NA
1746,NSW_1079793,20,E-8,NA,NA
1535,NSW_1079761,20,A-9,45,99
649,NSW_1079670,20,B-9,34,61
90,NSW_1071115,20,C-9,136,251
1438,NSW_1079750,20,D-9,30,57
2300,NSW_1075704,20,E-9,198,328
327,NSW_1074329,20,A-10,94,183
261,NSW_1074334,20,B-10,51,124
2206,NSW_1080781,20,C-10,NA,NA
521,NSW_1078654,20,D-10,NA,NA
258,NSW_1074334,20,E-10,26,44
1040,NSW_1079717,21,A-1,NA,NA
907,NSW_1079706,21,B-1,8,28
281,NSW_1074398,21,C-1,NA,NA
1020,NSW_1079715,21,D-1,147,264
1994,NSW_1080764,21,E-1,NA,NA
228,NSW_1075719,21,A-2,85,193
1037,NSW_1079717,21,B-2,NA,NA
305,NSW_1074428,21,C-2,6,15
334,NSW_1074329,21,D-2,14,39
841,NSW_1079702,21,E-2,NA,NA
562,NSW_1078658,21,A-3,NA,NA
2272,NSW_1080787,21,B-3,NA,NA
614,NSW_1079653,21,C-3,NA,NA
845,NSW_1079702,21,D-3,NA,NA
712,NSW_1079680,21,E-3,89,209
1258,NSW_1079733,21,A-4,NA,NA
450,NSW_1078645,21,B-4,84,164
262,NSW_1074334,21,C-4,NA,NA
2120,NSW_1080774,21,D-4,28,81
2022,NSW_1080766,21,E-4,NA,NA
30,NSW_1071080,21,A-5,NA,NA
1868,NSW_1079814,21,B-5,3,NA
1018,NSW_1079715,21,C-5,NA,NA
1247,NSW_1079732,21,D-5,7,19
2390,NSW_1075718,21,E-5,NA,NA
21,NSW_1071075,21,A-6,NA,NA
1374,NSW_1079744,21,B-6,39,113
356,NSW_1074453,21,C-6,NA,NA
1083,NSW_1079721,21,D-6,NA,NA
1304,NSW_1079737,21,E-6,8,19
319,NSW_1074428,21,A-7,NA,NA
335,NSW_1074329,21,B-7,NA,NA
739,NSW_1079682,21,C-7,NA,NA
407,NSW_1078640,21,D-7,110,194
674,NSW_1079672,21,E-7,152,271
2195,NSW_1080780,21,A-8,66,138
1949,NSW_1080761,21,B-8,NA,NA
758,NSW_1079687,21,C-8,33,68
355,NSW_1074453,21,D-8,NA,NA
366,NSW_1074458,21,E-8,NA,NA
1956,NSW_1080761,21,A-9,76,145
1405,NSW_1079747,21,B-9,144,245
1412,NSW_1079747,21,C-9,128,213
1137,NSW_1079724,21,D-9,NA,NA
2034,NSW_1080767,21,E-9,118,223
2074,NSW_1080770,21,A-10,10,17
41,NSW_1071090,21,B-10,186,297
1,NSW_1071070,21,C-10,96,176
2157,NSW_1080777,21,D-10,80,154
568,NSW_1078660,21,E-10,NA,NA
2399,NSW_1075718,22,A-1,NA,NA
55,NSW_1071090,22,B-1,94,189
556,NSW_1078658,22,C-1,NA,NA
1259,NSW_1079733,22,D-1,NA,NA
2352,NSW_1075713,22,E-1,86,176
1520,NSW_1079760,22,A-2,NA,NA
677,NSW_1079672,22,B-2,NA,NA
1523,NSW_1079760,22,C-2,82,153
98,NSW_1071118,22,D-2,86,160
1729,NSW_1079789,22,E-2,74,165
1444,NSW_1079751,22,A-3,112,169
25,NSW_1071080,22,B-3,82,146
1355,NSW_1079741,22,C-3,NA,NA
387,NSW_1078637,22,D-3,156,251
1421,NSW_1079748,22,E-3,58,119
928,NSW_1079708,22,A-4,NA,NA
365,NSW_1074458,22,B-4,NA,NA
2128,NSW_1080775,22,C-4,NA,NA
1054,NSW_1079718,22,D-4,27,60
1744,NSW_1079793,22,E-4,NA,NA
80,NSW_1071113,22,A-5,NA,NA
1008,NSW_1079714,22,B-5,NA,NA
2333,NSW_1075710,22,C-5,NA,NA
471,NSW_1078647,22,D-5,172,274
1032,NSW_1079716,22,E-5,NA,NA
249,NSW_1075723,22,A-6,16,38
1878,NSW_1079818,22,B-6,NA,NA
979,NSW_1075712,22,C-6,8,22
2081,NSW_1080771,22,D-6,NA,NA
639,NSW_1079658,22,E-6,NA,NA
1329,NSW_1079739,22,A-7,36,87
1376,NSW_1079744,22,B-7,NA,NA
1633,NSW_1079774,22,C-7,25,38
1344,NSW_1079740,22,D-7,20,61
581,NSW_1078662,22,E-7,22,39
1109,NSW_1079722,22,A-8,NA,NA
593,NSW_1078662,22,B-8,NA,NA
2288,NSW_1075708,22,C-8,63,139
1539,NSW_1079762,22,D-8,NA,NA
342,NSW_1074433,22,E-8,NA,NA
1253,NSW_1079733,22,A-9,NA,NA
558,NSW_1078658,22,B-9,NA,NA
2202,NSW_1080781,22,C-9,58,98
293,NSW_1074423,22,D-9,60,121
1790,NSW_1079799,22,E-9,NA,NA
116,NSW_1071123,22,A-10,90,164
1769,NSW_1079794,22,B-10,NA,NA
1354,NSW_1079741,22,C-10,NA,NA
1091,NSW_1079721,22,D-10,14,14
2095,NSW_1080772,22,E-10,109,163
1767,NSW_1079794,23,A-1,NA,NA
198,NSW_1074318,23,B-1,18,47
2297,NSW_1075704,23,C-1,NA,NA
1159,NSW_1079726,23,D-1,72,127
489,NSW_1078651,23,E-1,NA,NA
1942,NSW_1080759,23,A-2,NA,NA
1077,NSW_1079720,23,B-2,NA,NA
2313,NSW_1075720,23,C-2,NA,NA
1472,NSW_1079753,23,D-2,124,206
1918,NSW_1079822,23,E-2,130,40
2259,NSW_1080786,23,A-3,NA,NA
1351,NSW_1079741,23,B-3,NA,NA
2070,NSW_1080770,23,C-3,NA,NA
1039,NSW_1079717,23,D-3,NA,NA
918,NSW_1079707,23,E-3,NA,NA
1653,NSW_1079774,23,A-4,48,71
1375,NSW_1079744,23,B-4,NA,NA
1952,NSW_1080761,23,C-4,67,124
723,NSW_1079681,23,D-4,NA,NA
1437,NSW_1079750,23,E-4,40,88
1969,NSW_1080762,23,A-5,155,221
287,NSW_1074398,23,B-5,NA,NA
719,NSW_1079680,23,C-5,NA,NA
1592,NSW_1079767,23,D-5,NA,NA
2214,NSW_1080782,23,E-5,79,144
2358,NSW_1075711,23,A-6,116,208
851,NSW_1079702,23,B-6,NA,NA
1826,NSW_1079808,23,C-6,NA,NA
2307,NSW_1075720,23,D-6,48,102
1082,NSW_1079721,23,E-6,37,79
2043,NSW_1080768,23,A-7,129,192
1635,NSW_1079774,23,B-7,NA,NA
1227,NSW_1079731,23,C-7,5,NA
986,NSW_1079713,23,D-7,38,79
1830,NSW_1079808,23,E-7,90,175
323,NSW_1074428,23,A-8,NA,NA
380,NSW_1078636,23,B-8,109,184
1544,NSW_1079762,23,C-8,16,29
1147,NSW_1079725,23,D-8,18,26
1363,NSW_1079743,23,E-8,NA,NA
715,NSW_1079680,23,A-9,NA,NA
359,NSW_1074453,23,B-9,NA,NA
973,NSW_1075712,23,C-9,154,279
403,NSW_1078640,23,D-9,NA,NA
310,NSW_1075706,23,E-9,NA,NA
444,NSW_1078642,23,A-10,NA,NA
2065,NSW_1080770,23,B-10,46,77
147,NSW_1071138,23,C-10,81,140
140,NSW_1071133,23,D-10,30,65
1423,NSW_1079748,23,E-10,82,138
1695,NSW_1079783,24,A-1,26,62
2155,NSW_1080777,24,B-1,96,154
1858,NSW_1079813,24,C-1,9,9
251,NSW_1075723,24,D-1,NA,NA
1126,NSW_1079723,24,E-1,NA,NA
354,NSW_1074453,24,A-2,NA,NA
1606,NSW_1079768,24,B-2,8,17
494,NSW_1078652,24,C-2,84,142
799,NSW_1079696,24,D-2,24,58
496,NSW_1078652,24,E-2,46,101
2129,NSW_1080775,24,A-3,11,21
109,NSW_1071123,24,B-3,153,236
690,NSW_1079675,24,C-3,NA,NA
2166,NSW_1080778,24,D-3,NA,NA
118,NSW_1071123,24,E-3,12,19
1168,NSW_1079727,24,A-4,NA,NA
1263,NSW_1079734,24,B-4,NA,NA
2116,NSW_1080774,24,C-4,47,97
582,NSW_1075721,24,D-4,NA,NA
2107,NSW_1080773,24,E-4,38,74
862,NSW_1075707,24,A-5,NA,NA
2294,NSW_1075704,24,B-5,NA,NA
636,NSW_1079654,24,C-5,21,37
1206,NSW_1079730,24,D-5,NA,NA
2221,NSW_1080784,24,E-5,NA,NA
1785,NSW_1079798,24,A-6,54,100
2026,NSW_1080766,24,B-6,46,66
943,NSW_1079709,24,C-6,NA,NA
548,NSW_1078657,24,D-6,NA,NA
1195,NSW_1079729,24,E-6,NA,NA
1866,NSW_1079814,24,A-7,28,54
557,NSW_1078658,24,B-7,70,121
483,NSW_1078651,24,C-7,20,34
2280,NSW_1080787,24,D-7,NA,NA
2224,NSW_1080784,24,E-7,29,64
2150,NSW_1080777,24,A-8,NA,NA
296,NSW_1074423,24,B-8,NA,NA
686,NSW_1079675,24,C-8,28,58
485,NSW_1078651,24,D-8,NA,NA
1578,NSW_1079766,24,E-8,11,18
2158,NSW_1080777,24,A-9,68,109
345,NSW_1074433,24,B-9,NA,NA
1796,NSW_1079799,24,C-9,NA,NA
1429,NSW_1079750,24,D-9,37,66
484,NSW_1078651,24,E-9,NA,NA
1794,NSW_1079799,24,A-10,NA,NA
1060,NSW_1079719,24,B-10,NA,NA
895,NSW_1079706,24,C-10,8,16
761,NSW_1079687,24,D-10,NA,NA
1738,NSW_1079789,24,E-10,NA,NA
1467,NSW_1079753,25,A-1,45,88
551,NSW_1078657,25,B-1,NA,NA
669,NSW_1079671,25,C-1,NA,NA
1179,NSW_1079728,25,D-1,56,127
1971,NSW_1080762,25,E-1,92,160
126,NSW_1071128,25,A-2,73,114
642,NSW_1079658,25,B-2,84,135
435,NSW_1078642,25,C-2,NA,NA
528,NSW_1078654,25,D-2,38,87
2002,NSW_1080764,25,E-2,NA,NA
191,NSW_1071148,25,A-3,NA,NA
1395,NSW_1079746,25,B-3,54,99
2124,NSW_1080774,25,C-3,51,125
2161,NSW_1080778,25,D-3,NA,NA
2326,NSW_1075709,25,E-3,49,113
591,NSW_1078662,25,A-4,65,108
1452,NSW_1079751,25,B-4,33,70
1262,NSW_1079734,25,C-4,NA,NA
868,NSW_1079703,25,D-4,61,135
629,NSW_1079654,25,E-4,39,116
509,NSW_1078653,25,A-5,55,107
1678,NSW_1079779,25,B-5,87,158
2041,NSW_1080768,25,C-5,94,131
1818,NSW_1079804,25,D-5,83,163
480,NSW_1078647,25,E-5,NA,NA
832,NSW_1079701,25,A-6,45,106
51,NSW_1071090,25,B-6,131,224
394,NSW_1078637,25,C-6,75,154
2110,NSW_1080773,25,D-6,NA,NA
2354,NSW_1075711,25,E-6,NA,NA
1325,NSW_1079739,25,A-7,NA,NA
150,NSW_1071138,25,B-7,153,246
81,NSW_1071113,25,C-7,55,119
266,NSW_1074339,25,D-7,77,144
12,NSW_1071070,25,E-7,NA,NA
1419,NSW_1079748,25,A-8,NA,NA
1841,NSW_1079809,25,B-8,52,106
148,NSW_1071138,25,C-8,114,192
905,NSW_1079706,25,D-8,84,179
1749,NSW_1079793,25,E-8,28,84
1305,NSW_1079737,25,A-9,46,101
1874,NSW_1079818,25,B-9,36,88
102,NSW_1071118,25,C-9,54,136
869,NSW_1079703,25,D-9,55,105
1905,NSW_1079821,25,E-9,NA,NA
1366,NSW_1079743,25,A-10,NA,NA
1485,NSW_1079755,25,B-10,NA,NA
1518,NSW_1079760,25,C-10,84,169
490,NSW_1078651,25,D-10,NA,NA
398,NSW_1078640,25,E-10,18,44
1378,NSW_1079744,26,A-1,NA,NA
1244,NSW_1079732,26,B-1,NA,NA
707,NSW_1079677,26,C-1,11,17
419,NSW_1078641,26,D-1,58,84
1162,NSW_1079726,26,E-1,27,56
1847,NSW_1079809,26,A-2,95,154
479,NSW_1078647,26,B-2,58,93
2268,NSW_1080786,26,C-2,NA,NA
2264,NSW_1080786,26,D-2,NA,NA
713,NSW_1079680,26,E-2,88,167
2215,NSW_1080782,26,A-3,146,215
200,NSW_1074318,26,B-3,NA,NA
2013,NSW_1080765,26,C-3,NA,NA
1087,NSW_1079721,26,D-3,NA,NA
1527,NSW_1079761,26,E-3,NA,NA
152,NSW_1071138,26,A-4,184,255
2393,NSW_1075718,26,B-4,48,107
1092,NSW_1079721,26,C-4,26,58
1626,NSW_1079773,26,D-4,96,178
2049,NSW_1080768,26,E-4,40,77
2306,NSW_1075720,26,A-5,83,136
553,NSW_1078658,26,B-5,NA,NA
2325,NSW_1075709,26,C-5,85,162
1099,NSW_1079722,26,D-5,12,14
1364,NSW_1079743,26,E-5,NA,NA
136,NSW_1071133,26,A-6,49,95
194,NSW_1074318,26,B-6,NA,NA
1983,NSW_1080763,26,C-6,NA,NA
1993,NSW_1080764,26,D-6,NA,NA
1788,NSW_1079798,26,E-6,38,72
1299,NSW_1079737,26,A-7,NA,NA
1954,NSW_1080761,26,B-7,91,145
1016,NSW_1079715,26,C-7,185,311
2315,NSW_1075720,26,D-7,84,164
2281,NSW_1075708,26,E-7,NA,NA
1726,NSW_1079788,26,A-8,110,140
543,NSW_1078657,26,B-8,NA,NA
1867,NSW_1079814,26,C-8,96,122
915,NSW_1079707,26,D-8,NA,NA
1711,NSW_1079784,26,E-8,NA,NA
384,NSW_1078636,26,A-9,54,97
1474,NSW_1079753,26,B-9,NA,NA
1961,NSW_1080762,26,C-9,86,138
1249,NSW_1079733,26,D-9,48,70
2084,NSW_1080771,26,E-9,NA,NA
580,NSW_1075721,26,A-10,NA,NA
755,NSW_1079686,26,B-10,NA,NA
2347,NSW_1075713,26,C-10,83,159
1314,NSW_1079738,26,D-10,NA,NA
1551,NSW_1079763,26,E-10,62,124
49,NSW_1071090,27,A-1,54,94
1915,NSW_1079822,27,B-1,NA,NA
1197,NSW_1079729,27,C-1,NA,NA
2348,NSW_1075713,27,D-1,154,242
587,NSW_1078662,27,E-1,119,198
8,NSW_1071070,27,A-2,149,256
179,NSW_1071143,27,B-2,84,151
795,NSW_1079696,27,C-2,45,94
20,NSW_1071075,27,D-2,6,11
1574,NSW_1079766,27,E-2,NA,NA
523,NSW_1078654,27,A-3,105,189
443,NSW_1078642,27,B-3,NA,NA
1802,NSW_1079803,27,C-3,NA,NA
1422,NSW_1079748,27,D-3,21,36
145,NSW_1071138,27,E-3,141,201
2334,NSW_1075710,27,A-4,94,176
175,NSW_1071143,27,B-4,2,4
1478,NSW_1079755,27,C-4,33,93
211,NSW_1074324,27,D-4,7,10
1938,NSW_1080759,27,E-4,NA,NA
834,NSW_1079701,27,A-5,191,314
96,NSW_1071115,27,B-5,NA,NA
514,NSW_1078653,27,C-5,65,135
1657,NSW_1079778,27,D-5,93,176
1819,NSW_1079804,27,E-5,32,54
2301,NSW_1075704,27,A-6,106,185
1217,NSW_1079731,27,B-6,120,182
1267,NSW_1079734,27,C-6,NA,NA
959,NSW_1079710,27,D-6,NA,NA
2173,NSW_1080779,27,E-6,NA,NA
2295,NSW_1075704,27,A-7,79,184
621,NSW_1079653,27,B-7,NA,NA
271,NSW_1074339,27,C-7,NA,NA
15,NSW_1071075,27,D-7,105,196
123,NSW_1071128,27,E-7,136,207
1882,NSW_1079818,27,A-8,NA,NA
97,NSW_1071118,27,B-8,46,93
644,NSW_1079658,27,C-8,28,78
520,NSW_1078654,27,D-8,115,233
2,NSW_1071070,27,E-8,124,234
2267,NSW_1080786,27,A-9,53,73
45,NSW_1071090,27,B-9,72,130
1185,NSW_1079728,27,C-9,24,46
1420,NSW_1079748,27,D-9,NA,NA
1995,NSW_1080764,27,E-9,57,99
1517,NSW_1079760,27,A-10,55,85
1300,NSW_1079737,27,B-10,NA,NA
662,NSW_1079671,27,C-10,18,56
105,NSW_1071118,27,D-10,NA,NA
2175,NSW_1080779,27,E-10,NA,NA
396,NSW_1078637,28,A-1,54,118
516,NSW_1078653,28,B-1,70,114
1468,NSW_1079753,28,C-1,68,97
1948,NSW_1080761,28,D-1,NA,NA
1306,NSW_1079737,28,E-1,48,100
1712,NSW_1079784,28,A-2,NA,NA
286,NSW_1074398,28,B-2,NA,NA
7,NSW_1071070,28,C-2,75,114
2125,NSW_1080775,28,D-2,78,144
22,NSW_1071075,28,E-2,50,96
2134,NSW_1080775,28,A-3,68,131
1898,NSW_1079821,28,B-3,62,129
1512,NSW_1079758,28,C-3,14,26
425,NSW_1078641,28,D-3,85,148
2132,NSW_1080775,28,E-3,60,116
1349,NSW_1079741,28,A-4,NA,NA
641,NSW_1079658,28,B-4,102,158
852,NSW_1075707,28,C-4,NA,NA
770,NSW_1079691,28,D-4,36,64
2180,NSW_1080779,28,E-4,NA,NA
1085,NSW_1079721,28,A-5,NA,NA
2293,NSW_1075704,28,B-5,NA,NA
2400,NSW_1075718,28,C-5,NA,NA
1072,NSW_1079720,28,D-5,NA,NA
16,NSW_1071075,28,E-5,60,106
2362,NSW_1075711,28,A-6,95,177
1028,NSW_1079716,28,B-6,NA,NA
229,NSW_1074429,28,C-6,72,133
2096,NSW_1080772,28,D-6,102,183
1326,NSW_1079739,28,E-6,58,114
1426,NSW_1079748,28,A-7,NA,NA
601,NSW_1078713,28,B-7,NA,NA
1001,NSW_1079714,28,C-7,44,95
482,NSW_1078651,28,D-7,NA,NA
1327,NSW_1079739,28,E-7,NA,NA
886,NSW_1079705,28,A-8,72,106
2377,NSW_1075705,28,B-8,4,NA
618,NSW_1079653,28,C-8,NA,NA
273,NSW_1074339,28,D-8,6,21
1910,NSW_1079822,28,E-8,70,113
47,NSW_1071090,28,A-9,NA,NA
753,NSW_1079686,28,B-9,NA,NA
937,NSW_1079709,28,C-9,9,36
1368,NSW_1079743,28,D-9,NA,NA
1647,NSW_1079774,28,E-9,79,140
698,NSW_1079677,28,A-10,45,94
1862,NSW_1079814,28,B-10,20,46
858,NSW_1075707,28,C-10,NA,NA
88,NSW_1071115,28,D-10,NA,NA
914,NSW_1079707,28,E-10,18,49
2371,NSW_1075722,29,A-1,38,56
1807,NSW_1079803,29,B-1,NA,NA
1842,NSW_1079809,29,C-1,NA,NA
2039,NSW_1080767,29,D-1,98,168
867,NSW_1079703,29,E-1,86,167
1145,NSW_1079725,29,A-2,NA,NA
1828,NSW_1079808,29,B-2,50,110
43,NSW_1071090,29,C-2,109,182
2270,NSW_1080787,29,D-2,NA,NA
26,NSW_1071080,29,E-2,NA,NA
2285,NSW_1075708,29,A-3,21,34
1833,NSW_1079808,29,B-3,NA,NA
1722,NSW_1079788,29,C-3,68,130
1138,NSW_1079724,29,D-3,83,187
344,NSW_1074433,29,E-3,45,100
899,NSW_1079706,29,A-4,4,5
960,NSW_1079710,29,B-4,NA,NA
486,NSW_1078651,29,C-4,26,51
2040,NSW_1080767,29,D-4,NA,NA
1154,NSW_1079726,29,E-4,59,147
1466,NSW_1079753,29,A-5,NA,NA
1730,NSW_1079789,29,B-5,NA,NA
1601,NSW_1079768,29,C-5,NA,NA
318,NSW_1075706,29,D-5,NA,NA
154,NSW_1071138,29,E-5,119,178
1576,NSW_1079766,29,A-6,NA,NA
125,NSW_1071128,29,B-6,132,209
2283,NSW_1075708,29,C-6,5,9
876,NSW_1079703,29,D-6,NA,NA
1219,NSW_1079731,29,E-6,3,6
1604,NSW_1079768,29,A-7,88,183
1059,NSW_1079719,29,B-7,10,22
214,NSW_1075719,29,C-7,NA,NA
2189,NSW_1080780,29,D-7,3,4
2046,NSW_1080768,29,E-7,3,11
1345,NSW_1079741,29,A-8,NA,NA
2169,NSW_1080778,29,B-8,NA,NA
2042,NSW_1080768,29,C-8,2,5
1930,NSW_1080758,29,D-8,NA,NA
1922,NSW_1080758,29,E-8,NA,NA
1289,NSW_1079736,29,A-9,81,161
255,NSW_1074334,29,B-9,52,83
1665,NSW_1079778,29,C-9,NA,NA
1076,NSW_1079720,29,D-9,41,88
1301,NSW_1079737,29,E-9,NA,NA
2397,NSW_1075718,29,A-10,24,68
1957,NSW_1080762,29,B-10,NA,NA
1044,NSW_1079717,29,C-10,NA,NA
689,NSW_1079675,29,D-10,NA,NA
2364,NSW_1075711,29,E-10,11,17
1886,NSW_1079819,30,A-1,NA,NA
1056,NSW_1079718,30,B-1,NA,NA
1587,NSW_1079767,30,C-1,NA,NA
781,NSW_1079692,30,D-1,NA,NA
3,NSW_1071070,30,E-1,NA,NA
1319,NSW_1079738,30,A-2,NA,NA
1963,NSW_1080762,30,B-2,74,156
301,NSW_1074428,30,C-2,NA,NA
953,NSW_1079710,30,D-2,63,104
2209,NSW_1080782,30,E-2,NA,NA
1570,NSW_1079765,30,A-3,73,159
1662,NSW_1079778,30,B-3,64,127
1156,NSW_1079726,30,C-3,124,219
693,NSW_1079675,30,D-3,NA,NA
1967,NSW_1080762,30,E-3,83,144
995,NSW_1079713,30,A-4,NA,NA
139,NSW_1071133,30,B-4,89,155
534,NSW_1078656,30,C-4,125,205
2160,NSW_1080777,30,D-4,NA,NA
547,NSW_1078657,30,E-4,55,115
503,NSW_1078652,30,A-5,NA,NA
2078,NSW_1080771,30,B-5,2,6
1943,NSW_1080759,30,C-5,NA,NA
184,NSW_1071148,30,D-5,160,292
2142,NSW_1080776,30,E-5,21,41
374,NSW_1078636,30,A-6,10,14
1193,NSW_1079729,30,B-6,7,15
524,NSW_1078654,30,C-6,156,248
120,NSW_1071123,30,D-6,150,274
527,NSW_1078654,30,E-6,NA,NA
1058,NSW_1079719,30,A-7,178,289
731,NSW_1079681,30,B-7,NA,NA
1038,NSW_1079717,30,C-7,NA,NA
2181,NSW_1080779,30,D-7,NA,NA
757,NSW_1079687,30,E-7,95,174
624,NSW_1079653,30,A-8,NA,NA
2230,NSW_1080784,30,B-8,79,154
702,NSW_1079677,30,C-8,67,145
1470,NSW_1079753,30,D-8,15,44
1624,NSW_1079773,30,E-8,68,145
161,NSW_1071143,30,A-9,108,209
1026,NSW_1079716,30,B-9,18,47
241,NSW_1075723,30,C-9,NA,NA
347,NSW_1074433,30,D-9,NA,NA
1061,NSW_1079719,30,E-9,NA,NA
1481,NSW_1079755,30,A-10,79,153
1670,NSW_1079779,30,B-10,NA,NA
2153,NSW_1080777,30,C-10,49,99
2141,NSW_1080776,30,D-10,20,55
1597,NSW_1079768,30,E-10,25,73
1877,NSW_1079818,31,A-1,83,158
451,NSW_1078645,31,B-1,58,123
1248,NSW_1079732,31,C-1,8,14
446,NSW_1078645,31,D-1,NA,NA
1872,NSW_1079814,31,E-1,NA,NA
1887,NSW_1079819,31,A-2,NA,NA
231,NSW_1074429,31,B-2,54,109
1453,NSW_1079752,31,C-2,NA,NA
2302,NSW_1075704,31,D-2,33,90
108,NSW_1071118,31,E-2,60,141
550,NSW_1078657,31,A-3,59,129
1837,NSW_1079809,31,B-3,135,230
1161,NSW_1079726,31,C-3,28,66
682,NSW_1079672,31,D-3,NA,NA
597,NSW_1078662,31,E-3,93,163
324,NSW_1075706,31,A-4,NA,NA
1813,NSW_1079804,31,B-4,82,151
668,NSW_1079671,31,C-4,NA,NA
859,NSW_1079702,31,D-4,NA,NA
248,NSW_1075723,31,E-4,19,40
2336,NSW_1075710,31,A-5,NA,NA
1599,NSW_1079768,31,B-5,119,167
917,NSW_1079707,31,C-5,NA,NA
18,NSW_1071075,31,D-5,NA,NA
2210,NSW_1080782,31,E-5,NA,NA
1997,NSW_1080764,31,A-6,94,125
1246,NSW_1079732,31,B-6,NA,NA
659,NSW_1079670,31,C-6,39,112
703,NSW_1079677,31,D-6,40,79
1926,NSW_1080758,31,E-6,NA,NA
472,NSW_1078647,31,A-7,NA,NA
1664,NSW_1079778,31,B-7,115,184
445,NSW_1078645,31,C-7,NA,NA
1904,NSW_1079821,31,D-7,NA,NA
1410,NSW_1079747,31,E-7,NA,NA
86,NSW_1071115,31,A-8,NA,NA
375,NSW_1078636,31,B-8,114,184
2182,NSW_1080779,31,C-8,88,133
1291,NSW_1079736,31,D-8,38,70
1451,NSW_1079751,31,E-8,41,83
254,NSW_1074334,31,A-9,NA,NA
807,NSW_1079696,31,B-9,NA,NA
1111,NSW_1079722,31,C-9,54,87
1006,NSW_1079714,31,D-9,36,79
773,NSW_1079691,31,E-9,NA,NA
2231,NSW_1080784,31,A-10,NA,NA
2357,NSW_1075711,31,B-10,90,127
2093,NSW_1080772,31,C-10,83,117
243,NSW_1075723,31,D-10,NA,NA
253,NSW_1074334,31,E-10,68,119
2055,NSW_1080769,32,A-1,NA,NA
64,NSW_1071110,32,B-1,NA,NA
692,NSW_1079675,32,C-1,64,160
1400,NSW_1079746,32,D-1,NA,NA
683,NSW_1079672,32,E-1,146,206
531,NSW_1078656,32,A-2,NA,NA
1495,NSW_1079756,32,B-2,NA,NA
782,NSW_1079692,32,C-2,24,47
1260,NSW_1079733,32,D-2,NA,NA
555,NSW_1078658,32,E-2,45,68
934,NSW_1079708,32,A-3,6,8
2337,NSW_1075710,32,B-3,108,193
502,NSW_1078652,32,C-3,89,170
321,NSW_1074428,32,D-3,NA,NA
2380,NSW_1075705,32,E-3,NA,NA
881,NSW_1079705,32,A-4,84,122
1303,NSW_1079737,32,B-4,NA,NA
28,NSW_1071080,32,C-4,95,184
473,NSW_1078647,32,D-4,55,134
1631,NSW_1079773,32,E-4,99,158
1625,NSW_1079773,32,A-5,NA,NA
128,NSW_1071128,32,B-5,6,9
1780,NSW_1079798,32,C-5,101,139
295,NSW_1074423,32,D-5,70,133
1074,NSW_1079720,32,E-5,NA,NA
1589,NSW_1079767,32,A-6,NA,NA
724,NSW_1079681,32,B-6,NA,NA
1581,NSW_1079766,32,C-6,NA,NA
537,NSW_1078656,32,D-6,66,110
1803,NSW_1079803,32,E-6,NA,NA
1269,NSW_1079734,32,A-7,NA,NA
1556,NSW_1079763,32,B-7,NA,NA
372,NSW_1074458,32,C-7,NA,NA
1998,NSW_1080764,32,D-7,85,159
316,NSW_1075706,32,E-7,NA,NA
2233,NSW_1080785,32,A-8,57,118
2012,NSW_1080765,32,B-8,NA,NA
1608,NSW_1079768,32,C-8,96,196
1851,NSW_1079813,32,D-8,NA,NA
1806,NSW_1079803,32,E-8,44,72
944,NSW_1079709,32,A-9,NA,NA
37,NSW_1071090,32,B-9,27,56
1051,NSW_1079718,32,C-9,66,145
224,NSW_1075719,32,D-9,NA,NA
186,NSW_1071148,32,E-9,113,204
35,NSW_1071080,32,A-10,154,246
1487,NSW_1079755,32,B-10,NA,NA
1628,NSW_1079773,32,C-10,64,123
2165,NSW_1080778,32,D-10,18,41
217,NSW_1074324,32,E-10,NA,NA
379,NSW_1078636,33,A-1,173,234
1261,NSW_1079734,33,B-1,NA,NA
987,NSW_1079713,33,C-1,27,53
1820,NSW_1079804,33,D-1,119,197
982,NSW_1075712,33,E-1,45,110
263,NSW_1074334,33,A-2,NA,NA
544,NSW_1078657,33,B-2,34,69
518,NSW_1078654,33,C-2,84,156
353,NSW_1074453,33,D-2,NA,NA
352,NSW_1074453,33,E-2,NA,NA
1068,NSW_1079719,33,A-3,NA,NA
1577,NSW_1079766,33,B-3,NA,NA
1929,NSW_1080758,33,C-3,5,NA
197,NSW_1074318,33,D-3,36,72
688,NSW_1079675,33,E-3,NA,NA
1789,NSW_1079799,33,A-4,NA,NA
1324,NSW_1079739,33,B-4,46,91
381,NSW_1078636,33,C-4,173,283
616,NSW_1079653,33,D-4,NA,NA
725,NSW_1079681,33,E-4,NA,NA
203,NSW_1074318,33,A-5,NA,NA
1035,NSW_1079717,33,B-5,NA,NA
1884,NSW_1079818,33,C-5,NA,NA
1639,NSW_1079774,33,D-5,181,212
1445,NSW_1079751,33,E-5,NA,NA
268,NSW_1074339,33,A-6,5,9
2395,NSW_1075718,33,B-6,43,86
1242,NSW_1079732,33,C-6,NA,NA
1674,NSW_1079779,33,D-6,109,197
1256,NSW_1079733,33,E-6,26,61
141,NSW_1071133,33,A-7,98,180
1250,NSW_1079733,33,B-7,NA,NA
1049,NSW_1079718,33,C-7,NA,NA
2075,NSW_1080770,33,D-7,40,85
2374,NSW_1075722,33,E-7,NA,NA
1461,NSW_1079752,33,A-8,NA,NA
1871,NSW_1079814,33,B-8,18,40
1552,NSW_1079763,33,C-8,80,161
1812,NSW_1079803,33,D-8,NA,NA
1946,NSW_1080761,33,E-8,109,172
1308,NSW_1079737,33,A-9,33,59
1343,NSW_1079740,33,B-9,66,119
656,NSW_1079670,33,C-9,67,148
1172,NSW_1079727,33,D-9,4,NA
1824,NSW_1079804,33,E-9,92,174
1357,NSW_1079743,33,A-10,NA,NA
1178,NSW_1079728,33,B-10,NA,NA
1490,NSW_1079756,33,C-10,12,20
2360,NSW_1075711,33,D-10,74,145
1120,NSW_1079723,33,E-10,110,192
195,NSW_1074318,34,A-1,54,120
1913,NSW_1079822,34,B-1,NA,NA
2163,NSW_1080778,34,C-1,12,16
665,NSW_1079671,34,D-1,12,29
1815,NSW_1079804,34,E-1,52,95
1575,NSW_1079766,34,A-2,NA,NA
2048,NSW_1080768,34,B-2,NA,NA
2218,NSW_1080782,34,C-2,133,220
620,NSW_1079653,34,D-2,NA,NA
2305,NSW_1075720,34,E-2,70,128
1097,NSW_1079722,34,A-3,NA,NA
569,NSW_1078660,34,B-3,NA,NA
1907,NSW_1079821,34,C-3,NA,NA
1925,NSW_1080758,34,D-3,NA,NA
1175,NSW_1079727,34,E-3,NA,NA
628,NSW_1079654,34,A-4,104,184
1174,NSW_1079727,34,B-4,NA,NA
2183,NSW_1080779,34,C-4,50,102
512,NSW_1078653,34,D-4,24,70
1448,NSW_1079751,34,E-4,4,6
1297,NSW_1079737,34,A-5,53,108
572,NSW_1078660,34,B-5,121,209
878,NSW_1079705,34,C-5,NA,NA
1404,NSW_1079746,34,D-5,35,84
737,NSW_1079682,34,E-5,78,110
1569,NSW_1079765,34,A-6,NA,NA
2010,NSW_1080765,34,B-6,129,176
89,NSW_1071115,34,C-6,57,112
59,NSW_1071090,34,D-6,NA,NA
933,NSW_1079708,34,E-6,NA,NA
1825,NSW_1079808,34,A-7,22,47
1661,NSW_1079778,34,B-7,12,12
317,NSW_1074428,34,C-7,NA,NA
2351,NSW_1075713,34,D-7,111,166
989,NSW_1079713,34,E-7,28,68
2271,NSW_1080787,34,A-8,48,90
1892,NSW_1079819,34,B-8,NA,NA
307,NSW_1074428,34,C-8,NA,NA
1177,NSW_1079728,34,D-8,42,56
870,NSW_1079703,34,E-8,NA,NA
1975,NSW_1080762,34,A-9,NA,NA
331,NSW_1074329,34,B-9,93,191
1620,NSW_1079772,34,C-9,63,124
1067,NSW_1079719,34,D-9,NA,NA
13,NSW_1071075,34,E-9,NA,NA
2228,NSW_1080784,34,A-10,44,97
325,NSW_1074329,34,B-10,31,51
341,NSW_1074433,34,C-10,78,155
408,NSW_1078640,34,D-10,NA,NA
6,NSW_1071070,34,E-10,132,211
1157,NSW_1079726,35,A-1,NA,NA
1607,NSW_1079768,35,B-1,NA,NA
2104,NSW_1080773,35,C-1,114,209
106,NSW_1071118,35,D-1,46,89
415,NSW_1078641,35,E-1,98,203
1000,NSW_1079714,35,A-2,NA,NA
223,NSW_1074324,35,B-2,NA,NA
1677,NSW_1079779,35,C-2,114,184
1398,NSW_1079746,35,D-2,NA,NA
999,NSW_1079714,35,E-2,11,16
1442,NSW_1079751,35,A-3,76,143
1055,NSW_1079718,35,B-3,10,16
272,NSW_1074339,35,C-3,26,87
1637,NSW_1079774,35,D-3,114,179
1264,NSW_1079734,35,E-3,NA,NA
242,NSW_1075723,35,A-4,42,81
2262,NSW_1080786,35,B-4,NA,NA
1255,NSW_1079733,35,C-4,39,104
728,NSW_1079681,35,D-4,NA,NA
1981,NSW_1080763,35,E-4,56,128
2324,NSW_1075709,35,A-5,91,170
2391,NSW_1075718,35,B-5,88,146
1605,NSW_1079768,35,C-5,80,159
1275,NSW_1079735,35,D-5,NA,NA
1164,NSW_1079726,35,E-5,64,121
1999,NSW_1080764,35,A-6,78,138
149,NSW_1071138,35,B-6,82,118
76,NSW_1071113,35,C-6,NA,NA
61,NSW_1071110,35,D-6,53,122
1614,NSW_1079772,35,E-6,77,171
208,NSW_1075719,35,A-7,NA,NA
1212,NSW_1079730,35,B-7,NA,NA
790,NSW_1079692,35,C-7,46,98
1879,NSW_1079818,35,D-7,26,80
2178,NSW_1080779,35,E-7,19,31
1779,NSW_1079798,35,A-8,148,245
1265,NSW_1079734,35,B-8,NA,NA
477,NSW_1078647,35,C-8,77,157
1497,NSW_1079756,35,D-8,NA,NA
2385,NSW_1075705,35,E-8,48,106
99,NSW_1071118,35,A-9,70,144
1417,NSW_1079748,35,B-9,NA,NA
1271,NSW_1079734,35,C-9,2,4
1290,NSW_1079736,35,D-9,62,133
1737,NSW_1079789,35,E-9,NA,NA
1846,NSW_1079809,35,A-10,44,97
1600,NSW_1079768,35,B-10,178,285
1009,NSW_1079715,35,C-10,224,346
1025,NSW_1079716,35,D-10,47,103
947,NSW_1079709,35,E-10,NA,NA
474,NSW_1078647,36,A-1,64,126
840,NSW_1079701,36,B-1,41,104
215,NSW_1074324,36,C-1,NA,NA
1890,NSW_1079819,36,D-1,NA,NA
447,NSW_1078645,36,E-1,NA,NA
631,NSW_1079654,36,A-2,34,90
1024,NSW_1079716,36,B-2,NA,NA
370,NSW_1074458,36,C-2,16,25
413,NSW_1078641,36,D-2,108,212
1115,NSW_1079722,36,E-2,NA,NA
942,NSW_1079709,36,A-3,NA,NA
1460,NSW_1079752,36,B-3,NA,NA
612,NSW_1078713,36,C-3,NA,NA
1165,NSW_1079727,36,D-3,NA,NA
2008,NSW_1080765,36,E-3,104,206
2147,NSW_1080776,36,A-4,24,48
2143,NSW_1080776,36,B-4,80,153
1393,NSW_1079746,36,C-4,65,105
2077,NSW_1080771,36,D-4,58,110
883,NSW_1079705,36,E-4,NA,NA
2167,NSW_1080778,36,A-5,66,124
1725,NSW_1079788,36,B-5,93,153
225,NSW_1074324,36,C-5,57,127
1566,NSW_1079765,36,D-5,25,62
131,NSW_1071128,36,E-5,101,203
1491,NSW_1079756,36,A-6,NA,NA
924,NSW_1079707,36,B-6,4,13
545,NSW_1078657,36,C-6,46,96
2386,NSW_1075705,36,D-6,15,39
1950,NSW_1080761,36,E-6,109,159
980,NSW_1075712,36,A-7,6,8
1885,NSW_1079819,36,B-7,NA,NA
431,NSW_1078641,36,C-7,NA,NA
181,NSW_1071148,36,D-7,84,144
1203,NSW_1079730,36,E-7,10,27
2127,NSW_1080775,36,A-8,NA,NA
533,NSW_1078656,36,B-8,160,233
308,NSW_1075706,36,C-8,NA,NA
453,NSW_1078645,36,D-8,105,166
1464,NSW_1079752,36,E-8,64,117
1663,NSW_1079778,36,A-9,NA,NA
600,NSW_1075721,36,B-9,NA,NA
1506,NSW_1079758,36,C-9,6,8
177,NSW_1071143,36,D-9,48,118
2139,NSW_1080776,36,E-9,131,206
1268,NSW_1079734,36,A-10,NA,NA
100,NSW_1071118,36,B-10,NA,NA
2356,NSW_1075711,36,C-10,NA,NA
2330,NSW_1075710,36,D-10,NA,NA
1939,NSW_1080759,36,E-10,28,38
1194,NSW_1079729,37,A-1,10,20
1835,NSW_1079808,37,B-1,66,133
515,NSW_1078653,37,C-1,34,68
793,NSW_1079696,37,D-1,NA,NA
2341,NSW_1075713,37,E-1,132,223
252,NSW_1075723,37,A-2,NA,NA
617,NSW_1079653,37,B-2,NA,NA
2052,NSW_1080768,37,C-2,NA,NA
993,NSW_1079713,37,D-2,18,35
903,NSW_1079706,37,E-2,2,3
1479,NSW_1079755,37,A-3,59,116
511,NSW_1078653,37,B-3,98,164
1823,NSW_1079804,37,C-3,54,94
320,NSW_1075706,37,D-3,NA,NA
112,NSW_1071123,37,E-3,128,203
434,NSW_1078642,37,A-4,NA,NA
2162,NSW_1080778,37,B-4,45,92
648,NSW_1079658,37,C-4,112,191
765,NSW_1079687,37,D-4,39,83
117,NSW_1071123,37,E-4,NA,NA
1855,NSW_1079813,37,A-5,18,33
711,NSW_1079680,37,B-5,110,185
2172,NSW_1080778,37,C-5,NA,NA
1856,NSW_1079813,37,D-5,24,42
1348,NSW_1079741,37,E-5,NA,NA
1561,NSW_1079765,37,A-6,103,144
745,NSW_1079686,37,B-6,NA,NA
1921,NSW_1080758,37,C-6,56,89
2353,NSW_1075711,37,D-6,NA,NA
373,NSW_1078636,37,E-6,55,120
222,NSW_1075719,37,A-7,NA,NA
1832,NSW_1079808,37,B-7,NA,NA
279,NSW_1074398,37,C-7,23,60
2355,NSW_1075711,37,D-7,19,47
185,NSW_1071148,37,E-7,24,60
2118,NSW_1080774,37,A-8,NA,NA
825,NSW_1079697,37,B-8,15,38
1798,NSW_1079799,37,C-8,NA,NA
2318,NSW_1075709,37,D-8,37,73
2289,NSW_1075708,37,E-8,NA,NA
853,NSW_1079702,37,A-9,16,38
1095,NSW_1079722,37,B-9,62,123
1750,NSW_1079793,37,C-9,NA,NA
740,NSW_1079682,37,D-9,36,71
1017,NSW_1079715,37,E-9,98,208
2286,NSW_1075708,37,A-10,NA,NA
2227,NSW_1080784,37,B-10,65,141
1838,NSW_1079809,37,C-10,NA,NA
2088,NSW_1080771,37,D-10,NA,NA
2031,NSW_1080767,37,E-10,40,83
997,NSW_1079714,38,A-1,NA,NA
738,NSW_1079682,38,B-1,46,112
789,NSW_1079692,38,C-1,NA,NA
759,NSW_1079687,38,D-1,NA,NA
132,NSW_1071128,38,E-1,119,229
1252,NSW_1079733,38,A-2,NA,NA
1928,NSW_1080758,38,B-2,NA,NA
695,NSW_1079675,38,C-2,30,71
592,NSW_1075721,38,D-2,NA,NA
1528,NSW_1079761,38,E-2,115,214
2113,NSW_1080774,38,A-3,43,95
2363,NSW_1075711,38,B-3,40,90
1613,NSW_1079772,38,C-3,111,194
1483,NSW_1079755,38,D-3,NA,NA
193,NSW_1074318,38,E-3,80,156
588,NSW_1075721,38,A-4,NA,NA
1814,NSW_1079804,38,B-4,29,63
2122,NSW_1080774,38,C-4,11,23
2266,NSW_1080786,38,D-4,NA,NA
530,NSW_1078656,38,E-4,46,101
866,NSW_1079703,38,A-5,58,106
1795,NSW_1079799,38,B-5,67,140
1233,NSW_1079731,38,C-5,NA,NA
1027,NSW_1079716,38,D-5,56,122
2345,NSW_1075713,38,E-5,145,246
1356,NSW_1079741,38,A-6,11,23
1284,NSW_1079735,38,B-6,43,88
598,NSW_1075721,38,C-6,NA,NA
1416,NSW_1079747,38,D-6,58,134
1166,NSW_1079727,38,E-6,NA,NA
84,NSW_1071113,38,A-7,NA,NA
1012,NSW_1079715,38,B-7,25,64
844,NSW_1075707,38,C-7,20,46
32,NSW_1071080,38,D-7,106,194
1831,NSW_1079808,38,E-7,28,95
2108,NSW_1080773,38,A-8,53,134
2273,NSW_1080787,38,B-8,NA,NA
567,NSW_1078660,38,C-8,104,194
290,NSW_1074423,38,D-8,NA,NA
2219,NSW_1080782,38,E-8,NA,NA
362,NSW_1074458,38,A-9,NA,NA
623,NSW_1079653,38,B-9,NA,NA
1323,NSW_1079739,38,C-9,29,72
1593,NSW_1079767,38,D-9,NA,NA
501,NSW_1078652,38,E-9,52,120
1015,NSW_1079715,38,A-10,NA,NA
1221,NSW_1079731,38,B-10,NA,NA
1542,NSW_1079762,38,C-10,24,83
1186,NSW_1079728,38,D-10,NA,NA
824,NSW_1079697,38,E-10,16,53
1717,NSW_1079788,39,A-1,64,154
283,NSW_1074398,39,B-1,28,76
754,NSW_1079686,39,C-1,NA,NA
1617,NSW_1079772,39,D-1,18,39
1920,NSW_1079822,39,E-1,63,127
893,NSW_1079706,39,A-2,18,45
1548,NSW_1079762,39,B-2,34,51
78,NSW_1071113,39,C-2,NA,NA
1446,NSW_1079751,39,D-2,130,184
1440,NSW_1079750,39,E-2,NA,NA
1151,NSW_1079725,39,A-3,NA,NA
735,NSW_1079682,39,B-3,112,191
2159,NSW_1080777,39,C-3,84,142
652,NSW_1079670,39,D-3,66,124
269,NSW_1074339,39,E-3,55,127
285,NSW_1074398,39,A-4,127,207
1201,NSW_1079730,39,B-4,NA,NA
1176,NSW_1079727,39,C-4,NA,NA
586,NSW_1075721,39,D-4,NA,NA
1013,NSW_1079715,39,E-4,139,224
1045,NSW_1079718,39,A-5,35,56
2212,NSW_1080782,39,B-5,80,153
536,NSW_1078656,39,C-5,NA,NA
1121,NSW_1079723,39,D-5,NA,NA
2196,NSW_1080780,39,E-5,NA,NA
278,NSW_1074398,39,A-6,NA,NA
732,NSW_1079681,39,B-6,77,148
1144,NSW_1079725,39,C-6,NA,NA
1223,NSW_1079731,39,D-6,22,52
2284,NSW_1075708,39,E-6,NA,NA
82,NSW_1071113,39,A-7,9,20
1332,NSW_1079739,39,B-7,NA,NA
1052,NSW_1079718,39,C-7,18,19
1899,NSW_1079821,39,D-7,110,213
1245,NSW_1079732,39,E-7,7,12
554,NSW_1078658,39,A-8,NA,NA
946,NSW_1079709,39,B-8,NA,NA
1689,NSW_1079783,39,C-8,88,154
29,NSW_1071080,39,D-8,NA,NA
1202,NSW_1079730,39,E-8,106,196
584,NSW_1075721,39,A-9,NA,NA
183,NSW_1071148,39,B-9,68,144
747,NSW_1079686,39,C-9,NA,NA
406,NSW_1078640,39,D-9,114,195
1287,NSW_1079736,39,E-9,77,121
1532,NSW_1079761,39,A-10,68,115
785,NSW_1079692,39,B-10,NA,NA
247,NSW_1075723,39,C-10,NA,NA
1312,NSW_1079738,39,D-10,11,20
199,NSW_1074318,39,E-10,43,89
1397,NSW_1079746,40,A-1,48,79
1192,NSW_1079729,40,B-1,NA,NA
201,NSW_1074318,40,C-1,NA,NA
1046,NSW_1079718,40,D-1,NA,NA
1880,NSW_1079818,40,E-1,NA,NA
1229,NSW_1079731,40,A-2,NA,NA
1447,NSW_1079751,40,B-2,69,107
850,NSW_1075707,40,C-2,NA,NA
156,NSW_1071138,40,D-2,NA,NA
1533,NSW_1079761,40,E-2,47,104
697,NSW_1079677,40,A-3,100,163
2188,NSW_1080780,40,B-3,102,162
1883,NSW_1079818,40,C-3,NA,NA
192,NSW_1071148,40,D-3,14,30
2292,NSW_1075708,40,E-3,NA,NA
1881,NSW_1079818,40,A-4,NA,NA
1705,NSW_1079784,40,B-4,NA,NA
338,NSW_1074433,40,C-4,NA,NA
1296,NSW_1079736,40,D-4,84,149
397,NSW_1078640,40,E-4,126,204
1675,NSW_1079779,40,A-5,71,148
1510,NSW_1079758,40,B-5,NA,NA
856,NSW_1075707,40,C-5,24,46
762,NSW_1079687,40,D-5,35,71
2092,NSW_1080772,40,E-5,94,180
2174,NSW_1080779,40,A-6,NA,NA
1735,NSW_1079789,40,B-6,66,122
1543,NSW_1079762,40,C-6,NA,NA
1462,NSW_1079752,40,D-6,53,113
146,NSW_1071138,40,E-6,161,230
63,NSW_1071110,40,A-7,54,87
1545,NSW_1079762,40,B-7,18,20
578,NSW_1075721,40,C-7,NA,NA
11,NSW_1071070,40,D-7,NA,NA
916,NSW_1079707,40,E-7,NA,NA
10,NSW_1071070,40,A-8,61,129
1182,NSW_1079728,40,B-8,NA,NA
855,NSW_1079702,40,C-8,NA,NA
17,NSW_1071075,40,D-8,NA,NA
974,NSW_1075712,40,E-8,NA,NA
1876,NSW_1079818,40,A-9,64,141
1771,NSW_1079794,40,B-9,NA,NA
576,NSW_1078660,40,C-9,NA,NA
1394,NSW_1079746,40,D-9,NA,NA
956,NSW_1079710,40,E-9,NA,NA
882,NSW_1079705,40,A-10,33,48
1189,NSW_1079729,40,B-10,46,90
2303,NSW_1075704,40,C-10,62,145
2208,NSW_1080781,40,D-10,8,9
1752,NSW_1079793,40,E-10,36,80
1243,NSW_1079732,41,A-1,14,38
388,NSW_1078637,41,B-1,NA,NA
143,NSW_1071133,41,C-1,45,110
992,NSW_1079713,41,D-1,44,112
2019,NSW_1080766,41,E-1,NA,NA
1875,NSW_1079818,41,A-2,15,35
865,NSW_1079703,41,B-2,48,94
1435,NSW_1079750,41,C-2,NA,NA
970,NSW_1079711,41,D-2,38,91
1482,NSW_1079755,41,E-2,NA,NA
2185,NSW_1080780,41,A-3,63,143
2144,NSW_1080776,41,B-3,144,229
751,NSW_1079686,41,C-3,NA,NA
330,NSW_1074329,41,D-3,NA,NA
182,NSW_1071148,41,E-3,100,204
1840,NSW_1079809,41,A-4,NA,NA
819,NSW_1079697,41,B-4,32,67
349,NSW_1074453,41,C-4,43,96
1119,NSW_1079723,41,D-4,NA,NA
1739,NSW_1079789,41,E-4,NA,NA
417,NSW_1078641,41,A-5,108,170
2396,NSW_1075718,41,B-5,NA,NA
1889,NSW_1079819,41,C-5,NA,NA
1150,NSW_1079725,41,D-5,NA,NA
1377,NSW_1079744,41,E-5,66,155
1724,NSW_1079788,41,A-6,49,116
2184,NSW_1080779,41,B-6,84,135
861,NSW_1079702,41,C-6,18,54
1934,NSW_1080759,41,D-6,176,327
517,NSW_1078654,41,E-6,89,168
1791,NSW_1079799,41,A-7,NA,NA
2282,NSW_1075708,41,B-7,NA,NA
1392,NSW_1079745,41,C-7,NA,NA
1272,NSW_1079734,41,D-7,NA,NA
913,NSW_1079707,41,E-7,NA,NA
2029,NSW_1080767,41,A-8,115,211
1014,NSW_1079715,41,B-8,NA,NA
314,NSW_1075706,41,C-8,NA,NA
1387,NSW_1079745,41,D-8,NA,NA
1089,NSW_1079721,41,E-8,NA,NA
951,NSW_1079710,41,A-9,NA,NA
763,NSW_1079687,41,B-9,NA,NA
2154,NSW_1080777,41,C-9,NA,NA
2152,NSW_1080777,41,D-9,NA,NA
363,NSW_1074458,41,E-9,NA,NA
1864,NSW_1079814,41,A-10,NA,NA
1602,NSW_1079768,41,B-10,NA,NA
2361,NSW_1075711,41,C-10,NA,NA
390,NSW_1078637,41,D-10,NA,NA
1408,NSW_1079747,41,E-10,72,130
1130,NSW_1079724,42,A-1,13,48
294,NSW_1074423,42,B-1,18,53
1488,NSW_1079755,42,C-1,64,124
691,NSW_1079675,42,D-1,NA,NA
1500,NSW_1079756,42,E-1,NA,NA
1132,NSW_1079724,42,A-2,49,124
1204,NSW_1079730,42,B-2,NA,NA
4,NSW_1071070,42,C-2,63,116
1476,NSW_1079753,42,D-2,NA,NA
864,NSW_1075707,42,E-2,NA,NA
1407,NSW_1079747,42,A-3,166,273
1350,NSW_1079741,42,B-3,NA,NA
1367,NSW_1079743,42,C-3,NA,NA
1562,NSW_1079765,42,D-3,NA,NA
1053,NSW_1079718,42,E-3,63,140
94,NSW_1071115,42,A-4,19,54
1489,NSW_1079756,42,B-4,18,35
1530,NSW_1079761,42,C-4,92,138
1718,NSW_1079788,42,D-4,71,144
36,NSW_1071080,42,E-4,134,210
1703,NSW_1079783,42,A-5,40,98
91,NSW_1071115,42,B-5,NA,NA
220,NSW_1075719,42,C-5,NA,NA
2020,NSW_1080766,42,D-5,35,68
822,NSW_1079697,42,E-5,20,39
1672,NSW_1079779,42,A-6,NA,NA
115,NSW_1071123,42,B-6,NA,NA
322,NSW_1075706,42,C-6,NA,NA
1313,NSW_1079738,42,D-6,10,15
2126,NSW_1080775,42,E-6,33,72
1845,NSW_1079809,42,A-7,46,94
1494,NSW_1079756,42,B-7,NA,NA
284,NSW_1074398,42,C-7,NA,NA
1808,NSW_1079803,42,D-7,NA,NA
2287,NSW_1075708,42,E-7,NA,NA
983,NSW_1075712,42,A-8,39,111
1521,NSW_1079760,42,B-8,24,70
441,NSW_1078642,42,C-8,NA,NA
2089,NSW_1080772,42,D-8,80,159
1240,NSW_1079732,42,E-8,NA,NA
1310,NSW_1079738,42,A-9,NA,NA
1065,NSW_1079719,42,B-9,NA,NA
107,NSW_1071118,42,C-9,31,66
1160,NSW_1079726,42,D-9,129,219
1333,NSW_1079740,42,E-9,NA,NA
1839,NSW_1079809,42,A-10,44,108
2226,NSW_1080784,42,B-10,38,89
1584,NSW_1079766,42,C-10,46,86
2103,NSW_1080773,42,D-10,103,195
9,NSW_1071070,42,E-10,155,283
1439,NSW_1079750,43,A-1,NA,NA
627,NSW_1079654,43,B-1,22,41
1002,NSW_1079714,43,C-1,NA,NA
1071,NSW_1079720,43,D-1,NA,NA
226,NSW_1075719,43,E-1,NA,NA
2309,NSW_1075720,43,A-2,NA,NA
1302,NSW_1079737,43,B-2,20,41
2213,NSW_1080782,43,C-2,NA,NA
680,NSW_1079672,43,D-2,NA,NA
1073,NSW_1079720,43,E-2,NA,NA
788,NSW_1079692,43,A-3,NA,NA
863,NSW_1079702,43,B-3,NA,NA
1338,NSW_1079740,43,C-3,NA,NA
202,NSW_1074318,43,D-3,NA,NA
401,NSW_1078640,43,E-3,31,64
1043,NSW_1079717,43,A-4,8,9
1799,NSW_1079799,43,B-4,84,137
817,NSW_1079697,43,C-4,NA,NA
155,NSW_1071138,43,D-4,67,134
1979,NSW_1080762,43,E-4,NA,NA
705,NSW_1079677,43,A-5,NA,NA
1534,NSW_1079761,43,B-5,64,119
1340,NSW_1079740,43,C-5,58,121
2211,NSW_1080782,43,D-5,65,124
1511,NSW_1079758,43,E-5,NA,NA
2021,NSW_1080766,43,A-6,NA,NA
85,NSW_1071115,43,B-6,42,50
1418,NSW_1079748,43,C-6,NA,NA
189,NSW_1071148,43,D-6,54,110
2332,NSW_1075710,43,E-6,40,67
714,NSW_1079680,43,A-7,75,114
1183,NSW_1079728,43,B-7,NA,NA
1531,NSW_1079761,43,C-7,38,71
299,NSW_1074423,43,D-7,22,30
1347,NSW_1079741,43,E-7,NA,NA
1238,NSW_1079732,43,A-8,26,46
1401,NSW_1079746,43,B-8,NA,NA
1888,NSW_1079819,43,C-8,NA,NA
570,NSW_1078660,43,D-8,NA,NA
1107,NSW_1079722,43,E-8,NA,NA
31,NSW_1071080,43,A-9,94,170
1382,NSW_1079745,43,B-9,NA,NA
1062,NSW_1079719,43,C-9,NA,NA
157,NSW_1071143,43,D-9,16,34
1781,NSW_1079798,43,E-9,86,127
1773,NSW_1079794,43,A-10,NA,NA
632,NSW_1079654,43,B-10,NA,NA
411,NSW_1078641,43,C-10,12,26
1339,NSW_1079740,43,D-10,5,7
842,NSW_1075707,43,E-10,NA,NA
1655,NSW_1079774,44,A-1,NA,NA
1167,NSW_1079727,44,B-1,NA,NA
33,NSW_1071080,44,C-1,NA,NA
103,NSW_1071118,44,D-1,22,35
2112,NSW_1080773,44,E-1,8,13
2359,NSW_1075711,44,A-2,NA,NA
681,NSW_1079672,44,B-2,NA,NA
1741,NSW_1079793,44,C-2,NA,NA
438,NSW_1078642,44,D-2,NA,NA
749,NSW_1079686,44,E-2,NA,NA
1191,NSW_1079729,44,A-3,NA,NA
2387,NSW_1075705,44,B-3,84,160
1057,NSW_1079719,44,C-3,82,154
2027,NSW_1080766,44,D-3,NA,NA
829,NSW_1079701,44,E-3,35,105
360,NSW_1074453,44,A-4,NA,NA
679,NSW_1079672,44,B-4,75,166
1787,NSW_1079798,44,C-4,NA,NA
337,NSW_1074433,44,D-4,62,148
1619,NSW_1079772,44,E-4,28,63
1797,NSW_1079799,44,A-5,NA,NA
27,NSW_1071080,44,B-5,130,254
653,NSW_1079670,44,C-5,98,197
2269,NSW_1080787,44,D-5,NA,NA
1117,NSW_1079723,44,E-5,NA,NA
2331,NSW_1075710,44,A-6,60,126
2101,NSW_1080773,44,B-6,129,231
1811,NSW_1079803,44,C-6,37,77
1873,NSW_1079818,44,D-6,106,198
313,NSW_1074428,44,E-6,NA,NA
634,NSW_1079654,44,A-7,NA,NA
646,NSW_1079658,44,B-7,129,218
1660,NSW_1079778,44,C-7,60,144
1916,NSW_1079822,44,D-7,58,132
619,NSW_1079653,44,E-7,NA,NA
925,NSW_1079708,44,A-8,NA,NA
2047,NSW_1080768,44,B-8,19,45
2090,NSW_1080772,44,C-8,65,135
2276,NSW_1080787,44,D-8,NA,NA
1553,NSW_1079763,44,E-8,6,11
1292,NSW_1079736,44,A-9,8,29
1432,NSW_1079750,44,B-9,101,173
791,NSW_1079692,44,C-9,28,64
2220,NSW_1080782,44,D-9,102,174
505,NSW_1078653,44,E-9,106,190
963,NSW_1079711,44,A-10,108,239
736,NSW_1079682,44,B-10,68,151
69,NSW_1071110,44,C-10,NA,NA
218,NSW_1075719,44,D-10,54,135
1358,NSW_1079743,44,E-10,NA,NA
1734,NSW_1079789,45,A-1,35,72
1526,NSW_1079761,45,B-1,NA,NA
2199,NSW_1080781,45,C-1,44,90
377,NSW_1078636,45,D-1,66,139
2177,NSW_1080779,45,E-1,78,134
235,NSW_1074429,45,A-2,NA,NA
227,NSW_1074324,45,B-2,NA,NA
1270,NSW_1079734,45,C-2,NA,NA
1919,NSW_1079822,45,D-2,NA,NA
